[
{
  "model": "wagtailcore.locale",
  "pk": 1,
  "fields": {
    "language_code": "en"
  }
},
{
  "model": "wagtailcore.site",
  "pk": 2,
  "fields": {
    "hostname": "localhost",
    "port": 80,
    "site_name": "",
    "root_page": 3,
    "is_default_site": true
  }
},
{
  "model": "wagtailcore.collection",
  "pk": 1,
  "fields": {
    "path": "0001",
    "depth": 1,
    "numchild": 0,
    "name": "Root"
  }
},
{
  "model": "wagtailcore.workflowpage",
  "pk": 1,
  "fields": {
    "workflow": 1
  }
},
{
  "model": "wagtailcore.workflowtask",
  "pk": 1,
  "fields": {
    "sort_order": 0,
    "workflow": 1,
    "task": 1
  }
},
{
  "model": "wagtailcore.workflow",
  "pk": 1,
  "fields": {
    "name": "Moderators approval",
    "active": true
  }
},
{
  "model": "contenttypes.contenttype",
  "pk": 1,
  "fields": {
    "app_label": "wagtailcore",
    "model": "page"
  }
},
{
  "model": "contenttypes.contenttype",
  "pk": 2,
  "fields": {
    "app_label": "wagtailcore",
    "model": "groupapprovaltask"
  }
},
{
  "model": "contenttypes.contenttype",
  "pk": 3,
  "fields": {
    "app_label": "home",
    "model": "homepage"
  }
},
{
  "model": "contenttypes.contenttype",
  "pk": 4,
  "fields": {
    "app_label": "wagtailcore",
    "model": "locale"
  }
},
{
  "model": "contenttypes.contenttype",
  "pk": 5,
  "fields": {
    "app_label": "wagtailcore",
    "model": "site"
  }
},
{
  "model": "contenttypes.contenttype",
  "pk": 6,
  "fields": {
    "app_label": "wagtailcore",
    "model": "modellogentry"
  }
},
{
  "model": "contenttypes.contenttype",
  "pk": 7,
  "fields": {
    "app_label": "wagtailcore",
    "model": "collectionviewrestriction"
  }
},
{
  "model": "contenttypes.contenttype",
  "pk": 8,
  "fields": {
    "app_label": "wagtailcore",
    "model": "collection"
  }
},
{
  "model": "contenttypes.contenttype",
  "pk": 9,
  "fields": {
    "app_label": "wagtailcore",
    "model": "groupcollectionpermission"
  }
},
{
  "model": "contenttypes.contenttype",
  "pk": 10,
  "fields": {
    "app_label": "wagtailcore",
    "model": "uploadedfile"
  }
},
{
  "model": "contenttypes.contenttype",
  "pk": 11,
  "fields": {
    "app_label": "wagtailcore",
    "model": "referenceindex"
  }
},
{
  "model": "contenttypes.contenttype",
  "pk": 12,
  "fields": {
    "app_label": "wagtailcore",
    "model": "revision"
  }
},
{
  "model": "contenttypes.contenttype",
  "pk": 13,
  "fields": {
    "app_label": "wagtailcore",
    "model": "grouppagepermission"
  }
},
{
  "model": "contenttypes.contenttype",
  "pk": 14,
  "fields": {
    "app_label": "wagtailcore",
    "model": "pageviewrestriction"
  }
},
{
  "model": "contenttypes.contenttype",
  "pk": 15,
  "fields": {
    "app_label": "wagtailcore",
    "model": "workflowpage"
  }
},
{
  "model": "contenttypes.contenttype",
  "pk": 16,
  "fields": {
    "app_label": "wagtailcore",
    "model": "workflowcontenttype"
  }
},
{
  "model": "contenttypes.contenttype",
  "pk": 17,
  "fields": {
    "app_label": "wagtailcore",
    "model": "workflowtask"
  }
},
{
  "model": "contenttypes.contenttype",
  "pk": 18,
  "fields": {
    "app_label": "wagtailcore",
    "model": "task"
  }
},
{
  "model": "contenttypes.contenttype",
  "pk": 19,
  "fields": {
    "app_label": "wagtailcore",
    "model": "workflow"
  }
},
{
  "model": "contenttypes.contenttype",
  "pk": 20,
  "fields": {
    "app_label": "wagtailcore",
    "model": "workflowstate"
  }
},
{
  "model": "contenttypes.contenttype",
  "pk": 21,
  "fields": {
    "app_label": "wagtailcore",
    "model": "taskstate"
  }
},
{
  "model": "contenttypes.contenttype",
  "pk": 22,
  "fields": {
    "app_label": "wagtailcore",
    "model": "pagelogentry"
  }
},
{
  "model": "contenttypes.contenttype",
  "pk": 23,
  "fields": {
    "app_label": "wagtailcore",
    "model": "comment"
  }
},
{
  "model": "contenttypes.contenttype",
  "pk": 24,
  "fields": {
    "app_label": "wagtailcore",
    "model": "commentreply"
  }
},
{
  "model": "contenttypes.contenttype",
  "pk": 25,
  "fields": {
    "app_label": "wagtailcore",
    "model": "pagesubscription"
  }
},
{
  "model": "contenttypes.contenttype",
  "pk": 26,
  "fields": {
    "app_label": "wagtailvideos",
    "model": "video"
  }
},
{
  "model": "contenttypes.contenttype",
  "pk": 27,
  "fields": {
    "app_label": "wagtailadmin",
    "model": "admin"
  }
},
{
  "model": "contenttypes.contenttype",
  "pk": 28,
  "fields": {
    "app_label": "wagtaildocs",
    "model": "document"
  }
},
{
  "model": "contenttypes.contenttype",
  "pk": 29,
  "fields": {
    "app_label": "wagtailimages",
    "model": "image"
  }
},
{
  "model": "contenttypes.contenttype",
  "pk": 30,
  "fields": {
    "app_label": "wagtailforms",
    "model": "formsubmission"
  }
},
{
  "model": "contenttypes.contenttype",
  "pk": 31,
  "fields": {
    "app_label": "wagtailredirects",
    "model": "redirect"
  }
},
{
  "model": "contenttypes.contenttype",
  "pk": 32,
  "fields": {
    "app_label": "wagtailembeds",
    "model": "embed"
  }
},
{
  "model": "contenttypes.contenttype",
  "pk": 33,
  "fields": {
    "app_label": "wagtailusers",
    "model": "userprofile"
  }
},
{
  "model": "contenttypes.contenttype",
  "pk": 34,
  "fields": {
    "app_label": "wagtailimages",
    "model": "rendition"
  }
},
{
  "model": "contenttypes.contenttype",
  "pk": 35,
  "fields": {
    "app_label": "wagtailsearch",
    "model": "indexentry"
  }
},
{
  "model": "contenttypes.contenttype",
  "pk": 36,
  "fields": {
    "app_label": "wagtailadmin",
    "model": "editingsession"
  }
},
{
  "model": "contenttypes.contenttype",
  "pk": 37,
  "fields": {
    "app_label": "taggit",
    "model": "tag"
  }
},
{
  "model": "contenttypes.contenttype",
  "pk": 38,
  "fields": {
    "app_label": "taggit",
    "model": "taggeditem"
  }
},
{
  "model": "contenttypes.contenttype",
  "pk": 39,
  "fields": {
    "app_label": "admin",
    "model": "logentry"
  }
},
{
  "model": "contenttypes.contenttype",
  "pk": 40,
  "fields": {
    "app_label": "auth",
    "model": "permission"
  }
},
{
  "model": "contenttypes.contenttype",
  "pk": 41,
  "fields": {
    "app_label": "auth",
    "model": "group"
  }
},
{
  "model": "contenttypes.contenttype",
  "pk": 42,
  "fields": {
    "app_label": "contenttypes",
    "model": "contenttype"
  }
},
{
  "model": "contenttypes.contenttype",
  "pk": 43,
  "fields": {
    "app_label": "sessions",
    "model": "session"
  }
},
{
  "model": "contenttypes.contenttype",
  "pk": 44,
  "fields": {
    "app_label": "wagtailvideos",
    "model": "videotranscode"
  }
},
{
  "model": "contenttypes.contenttype",
  "pk": 45,
  "fields": {
    "app_label": "wagtailvideos",
    "model": "tracklisting"
  }
},
{
  "model": "contenttypes.contenttype",
  "pk": 46,
  "fields": {
    "app_label": "wagtailvideos",
    "model": "videotrack"
  }
},
{
  "model": "contenttypes.contenttype",
  "pk": 47,
  "fields": {
    "app_label": "captcha",
    "model": "captchastore"
  }
},
{
  "model": "contenttypes.contenttype",
  "pk": 48,
  "fields": {
    "app_label": "account",
    "model": "customuser"
  }
},
{
  "model": "contenttypes.contenttype",
  "pk": 49,
  "fields": {
    "app_label": "contact",
    "model": "formpage"
  }
},
{
  "model": "contenttypes.contenttype",
  "pk": 50,
  "fields": {
    "app_label": "contact",
    "model": "formfield"
  }
},
{
  "model": "contenttypes.contenttype",
  "pk": 51,
  "fields": {
    "app_label": "home",
    "model": "mentionpage"
  }
},
{
  "model": "contenttypes.contenttype",
  "pk": 52,
  "fields": {
    "app_label": "standardpages",
    "model": "mentionpage"
  }
},
{
  "model": "contenttypes.contenttype",
  "pk": 53,
  "fields": {
    "app_label": "standardpages",
    "model": "mentionindexpage"
  }
},
{
  "model": "contenttypes.contenttype",
  "pk": 54,
  "fields": {
    "app_label": "home",
    "model": "footertext"
  }
},
{
  "model": "contenttypes.contenttype",
  "pk": 55,
  "fields": {
    "app_label": "home",
    "model": "navigationsettings"
  }
},
{
  "model": "contenttypes.contenttype",
  "pk": 56,
  "fields": {
    "app_label": "base",
    "model": "footertext"
  }
},
{
  "model": "contenttypes.contenttype",
  "pk": 57,
  "fields": {
    "app_label": "base",
    "model": "navigationsettings"
  }
},
{
  "model": "contenttypes.contenttype",
  "pk": 58,
  "fields": {
    "app_label": "standardpages",
    "model": "policypage"
  }
},
{
  "model": "contact.formfield",
  "pk": 1,
  "fields": {
    "sort_order": 0,
    "clean_name": "prenom",
    "label": "Prénom",
    "field_type": "singleline",
    "required": true,
    "choices": "",
    "default_value": "",
    "help_text": "",
    "page": 4
  }
},
{
  "model": "contact.formfield",
  "pk": 2,
  "fields": {
    "sort_order": 1,
    "clean_name": "nom_de_famille",
    "label": "Nom de famille",
    "field_type": "singleline",
    "required": true,
    "choices": "",
    "default_value": "",
    "help_text": "",
    "page": 4
  }
},
{
  "model": "contact.formfield",
  "pk": 3,
  "fields": {
    "sort_order": 2,
    "clean_name": "telephone",
    "label": "Téléphone",
    "field_type": "singleline",
    "required": true,
    "choices": "",
    "default_value": "",
    "help_text": "",
    "page": 4
  }
},
{
  "model": "contact.formfield",
  "pk": 4,
  "fields": {
    "sort_order": 3,
    "clean_name": "email",
    "label": "Email",
    "field_type": "singleline",
    "required": true,
    "choices": "",
    "default_value": "",
    "help_text": "",
    "page": 4
  }
},
{
  "model": "contact.formfield",
  "pk": 5,
  "fields": {
    "sort_order": 4,
    "clean_name": "societe",
    "label": "Société",
    "field_type": "singleline",
    "required": true,
    "choices": "",
    "default_value": "",
    "help_text": "",
    "page": 4
  }
},
{
  "model": "contact.formfield",
  "pk": 6,
  "fields": {
    "sort_order": 5,
    "clean_name": "laissez_nous_un_message",
    "label": "Laissez-nous un message !",
    "field_type": "multiline",
    "required": true,
    "choices": "",
    "default_value": "",
    "help_text": "",
    "page": 4
  }
},
{
  "model": "base.navigationsettings",
  "pk": 1,
  "fields": {
    "linkedin_url": "",
    "instagram_url": "",
    "pinterest_url": ""
  }
},
{
  "model": "base.footertext",
  "pk": 3,
  "fields": {
    "translation_key": "3509e9ac-4e63-4343-8f06-be2029dfd136",
    "locale": 1,
    "latest_revision": 31,
    "live": true,
    "has_unpublished_changes": false,
    "first_published_at": "2025-01-17T15:48:10.116Z",
    "last_published_at": "2025-01-17T17:41:48.552Z",
    "live_revision": 31,
    "go_live_at": null,
    "expire_at": null,
    "expired": false,
    "body": "<h4 data-block-key=\"8kjub\"><a id=\"11\" linktype=\"page\">Mentions légales</a></h4>"
  }
},
{
  "model": "auth.permission",
  "pk": 1,
  "fields": {
    "name": "Can add locale",
    "content_type": [
      "wagtailcore",
      "locale"
    ],
    "codename": "add_locale"
  }
},
{
  "model": "auth.permission",
  "pk": 2,
  "fields": {
    "name": "Can change locale",
    "content_type": [
      "wagtailcore",
      "locale"
    ],
    "codename": "change_locale"
  }
},
{
  "model": "auth.permission",
  "pk": 3,
  "fields": {
    "name": "Can delete locale",
    "content_type": [
      "wagtailcore",
      "locale"
    ],
    "codename": "delete_locale"
  }
},
{
  "model": "auth.permission",
  "pk": 4,
  "fields": {
    "name": "Can view locale",
    "content_type": [
      "wagtailcore",
      "locale"
    ],
    "codename": "view_locale"
  }
},
{
  "model": "auth.permission",
  "pk": 5,
  "fields": {
    "name": "Can add site",
    "content_type": [
      "wagtailcore",
      "site"
    ],
    "codename": "add_site"
  }
},
{
  "model": "auth.permission",
  "pk": 6,
  "fields": {
    "name": "Can change site",
    "content_type": [
      "wagtailcore",
      "site"
    ],
    "codename": "change_site"
  }
},
{
  "model": "auth.permission",
  "pk": 7,
  "fields": {
    "name": "Can delete site",
    "content_type": [
      "wagtailcore",
      "site"
    ],
    "codename": "delete_site"
  }
},
{
  "model": "auth.permission",
  "pk": 8,
  "fields": {
    "name": "Can view site",
    "content_type": [
      "wagtailcore",
      "site"
    ],
    "codename": "view_site"
  }
},
{
  "model": "auth.permission",
  "pk": 9,
  "fields": {
    "name": "Can add model log entry",
    "content_type": [
      "wagtailcore",
      "modellogentry"
    ],
    "codename": "add_modellogentry"
  }
},
{
  "model": "auth.permission",
  "pk": 10,
  "fields": {
    "name": "Can change model log entry",
    "content_type": [
      "wagtailcore",
      "modellogentry"
    ],
    "codename": "change_modellogentry"
  }
},
{
  "model": "auth.permission",
  "pk": 11,
  "fields": {
    "name": "Can delete model log entry",
    "content_type": [
      "wagtailcore",
      "modellogentry"
    ],
    "codename": "delete_modellogentry"
  }
},
{
  "model": "auth.permission",
  "pk": 12,
  "fields": {
    "name": "Can view model log entry",
    "content_type": [
      "wagtailcore",
      "modellogentry"
    ],
    "codename": "view_modellogentry"
  }
},
{
  "model": "auth.permission",
  "pk": 13,
  "fields": {
    "name": "Can add collection view restriction",
    "content_type": [
      "wagtailcore",
      "collectionviewrestriction"
    ],
    "codename": "add_collectionviewrestriction"
  }
},
{
  "model": "auth.permission",
  "pk": 14,
  "fields": {
    "name": "Can change collection view restriction",
    "content_type": [
      "wagtailcore",
      "collectionviewrestriction"
    ],
    "codename": "change_collectionviewrestriction"
  }
},
{
  "model": "auth.permission",
  "pk": 15,
  "fields": {
    "name": "Can delete collection view restriction",
    "content_type": [
      "wagtailcore",
      "collectionviewrestriction"
    ],
    "codename": "delete_collectionviewrestriction"
  }
},
{
  "model": "auth.permission",
  "pk": 16,
  "fields": {
    "name": "Can view collection view restriction",
    "content_type": [
      "wagtailcore",
      "collectionviewrestriction"
    ],
    "codename": "view_collectionviewrestriction"
  }
},
{
  "model": "auth.permission",
  "pk": 17,
  "fields": {
    "name": "Can add collection",
    "content_type": [
      "wagtailcore",
      "collection"
    ],
    "codename": "add_collection"
  }
},
{
  "model": "auth.permission",
  "pk": 18,
  "fields": {
    "name": "Can change collection",
    "content_type": [
      "wagtailcore",
      "collection"
    ],
    "codename": "change_collection"
  }
},
{
  "model": "auth.permission",
  "pk": 19,
  "fields": {
    "name": "Can delete collection",
    "content_type": [
      "wagtailcore",
      "collection"
    ],
    "codename": "delete_collection"
  }
},
{
  "model": "auth.permission",
  "pk": 20,
  "fields": {
    "name": "Can view collection",
    "content_type": [
      "wagtailcore",
      "collection"
    ],
    "codename": "view_collection"
  }
},
{
  "model": "auth.permission",
  "pk": 21,
  "fields": {
    "name": "Can add group collection permission",
    "content_type": [
      "wagtailcore",
      "groupcollectionpermission"
    ],
    "codename": "add_groupcollectionpermission"
  }
},
{
  "model": "auth.permission",
  "pk": 22,
  "fields": {
    "name": "Can change group collection permission",
    "content_type": [
      "wagtailcore",
      "groupcollectionpermission"
    ],
    "codename": "change_groupcollectionpermission"
  }
},
{
  "model": "auth.permission",
  "pk": 23,
  "fields": {
    "name": "Can delete group collection permission",
    "content_type": [
      "wagtailcore",
      "groupcollectionpermission"
    ],
    "codename": "delete_groupcollectionpermission"
  }
},
{
  "model": "auth.permission",
  "pk": 24,
  "fields": {
    "name": "Can view group collection permission",
    "content_type": [
      "wagtailcore",
      "groupcollectionpermission"
    ],
    "codename": "view_groupcollectionpermission"
  }
},
{
  "model": "auth.permission",
  "pk": 25,
  "fields": {
    "name": "Can add uploaded file",
    "content_type": [
      "wagtailcore",
      "uploadedfile"
    ],
    "codename": "add_uploadedfile"
  }
},
{
  "model": "auth.permission",
  "pk": 26,
  "fields": {
    "name": "Can change uploaded file",
    "content_type": [
      "wagtailcore",
      "uploadedfile"
    ],
    "codename": "change_uploadedfile"
  }
},
{
  "model": "auth.permission",
  "pk": 27,
  "fields": {
    "name": "Can delete uploaded file",
    "content_type": [
      "wagtailcore",
      "uploadedfile"
    ],
    "codename": "delete_uploadedfile"
  }
},
{
  "model": "auth.permission",
  "pk": 28,
  "fields": {
    "name": "Can view uploaded file",
    "content_type": [
      "wagtailcore",
      "uploadedfile"
    ],
    "codename": "view_uploadedfile"
  }
},
{
  "model": "auth.permission",
  "pk": 29,
  "fields": {
    "name": "Can add reference index",
    "content_type": [
      "wagtailcore",
      "referenceindex"
    ],
    "codename": "add_referenceindex"
  }
},
{
  "model": "auth.permission",
  "pk": 30,
  "fields": {
    "name": "Can change reference index",
    "content_type": [
      "wagtailcore",
      "referenceindex"
    ],
    "codename": "change_referenceindex"
  }
},
{
  "model": "auth.permission",
  "pk": 31,
  "fields": {
    "name": "Can delete reference index",
    "content_type": [
      "wagtailcore",
      "referenceindex"
    ],
    "codename": "delete_referenceindex"
  }
},
{
  "model": "auth.permission",
  "pk": 32,
  "fields": {
    "name": "Can view reference index",
    "content_type": [
      "wagtailcore",
      "referenceindex"
    ],
    "codename": "view_referenceindex"
  }
},
{
  "model": "auth.permission",
  "pk": 33,
  "fields": {
    "name": "Can add page",
    "content_type": [
      "wagtailcore",
      "page"
    ],
    "codename": "add_page"
  }
},
{
  "model": "auth.permission",
  "pk": 34,
  "fields": {
    "name": "Can change page",
    "content_type": [
      "wagtailcore",
      "page"
    ],
    "codename": "change_page"
  }
},
{
  "model": "auth.permission",
  "pk": 35,
  "fields": {
    "name": "Can delete page",
    "content_type": [
      "wagtailcore",
      "page"
    ],
    "codename": "delete_page"
  }
},
{
  "model": "auth.permission",
  "pk": 36,
  "fields": {
    "name": "Can view page",
    "content_type": [
      "wagtailcore",
      "page"
    ],
    "codename": "view_page"
  }
},
{
  "model": "auth.permission",
  "pk": 37,
  "fields": {
    "name": "Delete pages with children",
    "content_type": [
      "wagtailcore",
      "page"
    ],
    "codename": "bulk_delete_page"
  }
},
{
  "model": "auth.permission",
  "pk": 38,
  "fields": {
    "name": "Lock/unlock pages you've locked",
    "content_type": [
      "wagtailcore",
      "page"
    ],
    "codename": "lock_page"
  }
},
{
  "model": "auth.permission",
  "pk": 39,
  "fields": {
    "name": "Publish any page",
    "content_type": [
      "wagtailcore",
      "page"
    ],
    "codename": "publish_page"
  }
},
{
  "model": "auth.permission",
  "pk": 40,
  "fields": {
    "name": "Unlock any page",
    "content_type": [
      "wagtailcore",
      "page"
    ],
    "codename": "unlock_page"
  }
},
{
  "model": "auth.permission",
  "pk": 41,
  "fields": {
    "name": "Can add revision",
    "content_type": [
      "wagtailcore",
      "revision"
    ],
    "codename": "add_revision"
  }
},
{
  "model": "auth.permission",
  "pk": 42,
  "fields": {
    "name": "Can change revision",
    "content_type": [
      "wagtailcore",
      "revision"
    ],
    "codename": "change_revision"
  }
},
{
  "model": "auth.permission",
  "pk": 43,
  "fields": {
    "name": "Can delete revision",
    "content_type": [
      "wagtailcore",
      "revision"
    ],
    "codename": "delete_revision"
  }
},
{
  "model": "auth.permission",
  "pk": 44,
  "fields": {
    "name": "Can view revision",
    "content_type": [
      "wagtailcore",
      "revision"
    ],
    "codename": "view_revision"
  }
},
{
  "model": "auth.permission",
  "pk": 45,
  "fields": {
    "name": "Can add group page permission",
    "content_type": [
      "wagtailcore",
      "grouppagepermission"
    ],
    "codename": "add_grouppagepermission"
  }
},
{
  "model": "auth.permission",
  "pk": 46,
  "fields": {
    "name": "Can change group page permission",
    "content_type": [
      "wagtailcore",
      "grouppagepermission"
    ],
    "codename": "change_grouppagepermission"
  }
},
{
  "model": "auth.permission",
  "pk": 47,
  "fields": {
    "name": "Can delete group page permission",
    "content_type": [
      "wagtailcore",
      "grouppagepermission"
    ],
    "codename": "delete_grouppagepermission"
  }
},
{
  "model": "auth.permission",
  "pk": 48,
  "fields": {
    "name": "Can view group page permission",
    "content_type": [
      "wagtailcore",
      "grouppagepermission"
    ],
    "codename": "view_grouppagepermission"
  }
},
{
  "model": "auth.permission",
  "pk": 49,
  "fields": {
    "name": "Can add page view restriction",
    "content_type": [
      "wagtailcore",
      "pageviewrestriction"
    ],
    "codename": "add_pageviewrestriction"
  }
},
{
  "model": "auth.permission",
  "pk": 50,
  "fields": {
    "name": "Can change page view restriction",
    "content_type": [
      "wagtailcore",
      "pageviewrestriction"
    ],
    "codename": "change_pageviewrestriction"
  }
},
{
  "model": "auth.permission",
  "pk": 51,
  "fields": {
    "name": "Can delete page view restriction",
    "content_type": [
      "wagtailcore",
      "pageviewrestriction"
    ],
    "codename": "delete_pageviewrestriction"
  }
},
{
  "model": "auth.permission",
  "pk": 52,
  "fields": {
    "name": "Can view page view restriction",
    "content_type": [
      "wagtailcore",
      "pageviewrestriction"
    ],
    "codename": "view_pageviewrestriction"
  }
},
{
  "model": "auth.permission",
  "pk": 53,
  "fields": {
    "name": "Can add workflow page",
    "content_type": [
      "wagtailcore",
      "workflowpage"
    ],
    "codename": "add_workflowpage"
  }
},
{
  "model": "auth.permission",
  "pk": 54,
  "fields": {
    "name": "Can change workflow page",
    "content_type": [
      "wagtailcore",
      "workflowpage"
    ],
    "codename": "change_workflowpage"
  }
},
{
  "model": "auth.permission",
  "pk": 55,
  "fields": {
    "name": "Can delete workflow page",
    "content_type": [
      "wagtailcore",
      "workflowpage"
    ],
    "codename": "delete_workflowpage"
  }
},
{
  "model": "auth.permission",
  "pk": 56,
  "fields": {
    "name": "Can view workflow page",
    "content_type": [
      "wagtailcore",
      "workflowpage"
    ],
    "codename": "view_workflowpage"
  }
},
{
  "model": "auth.permission",
  "pk": 57,
  "fields": {
    "name": "Can add workflow content type",
    "content_type": [
      "wagtailcore",
      "workflowcontenttype"
    ],
    "codename": "add_workflowcontenttype"
  }
},
{
  "model": "auth.permission",
  "pk": 58,
  "fields": {
    "name": "Can change workflow content type",
    "content_type": [
      "wagtailcore",
      "workflowcontenttype"
    ],
    "codename": "change_workflowcontenttype"
  }
},
{
  "model": "auth.permission",
  "pk": 59,
  "fields": {
    "name": "Can delete workflow content type",
    "content_type": [
      "wagtailcore",
      "workflowcontenttype"
    ],
    "codename": "delete_workflowcontenttype"
  }
},
{
  "model": "auth.permission",
  "pk": 60,
  "fields": {
    "name": "Can view workflow content type",
    "content_type": [
      "wagtailcore",
      "workflowcontenttype"
    ],
    "codename": "view_workflowcontenttype"
  }
},
{
  "model": "auth.permission",
  "pk": 61,
  "fields": {
    "name": "Can add workflow task order",
    "content_type": [
      "wagtailcore",
      "workflowtask"
    ],
    "codename": "add_workflowtask"
  }
},
{
  "model": "auth.permission",
  "pk": 62,
  "fields": {
    "name": "Can change workflow task order",
    "content_type": [
      "wagtailcore",
      "workflowtask"
    ],
    "codename": "change_workflowtask"
  }
},
{
  "model": "auth.permission",
  "pk": 63,
  "fields": {
    "name": "Can delete workflow task order",
    "content_type": [
      "wagtailcore",
      "workflowtask"
    ],
    "codename": "delete_workflowtask"
  }
},
{
  "model": "auth.permission",
  "pk": 64,
  "fields": {
    "name": "Can view workflow task order",
    "content_type": [
      "wagtailcore",
      "workflowtask"
    ],
    "codename": "view_workflowtask"
  }
},
{
  "model": "auth.permission",
  "pk": 65,
  "fields": {
    "name": "Can add task",
    "content_type": [
      "wagtailcore",
      "task"
    ],
    "codename": "add_task"
  }
},
{
  "model": "auth.permission",
  "pk": 66,
  "fields": {
    "name": "Can change task",
    "content_type": [
      "wagtailcore",
      "task"
    ],
    "codename": "change_task"
  }
},
{
  "model": "auth.permission",
  "pk": 67,
  "fields": {
    "name": "Can delete task",
    "content_type": [
      "wagtailcore",
      "task"
    ],
    "codename": "delete_task"
  }
},
{
  "model": "auth.permission",
  "pk": 68,
  "fields": {
    "name": "Can view task",
    "content_type": [
      "wagtailcore",
      "task"
    ],
    "codename": "view_task"
  }
},
{
  "model": "auth.permission",
  "pk": 69,
  "fields": {
    "name": "Can add workflow",
    "content_type": [
      "wagtailcore",
      "workflow"
    ],
    "codename": "add_workflow"
  }
},
{
  "model": "auth.permission",
  "pk": 70,
  "fields": {
    "name": "Can change workflow",
    "content_type": [
      "wagtailcore",
      "workflow"
    ],
    "codename": "change_workflow"
  }
},
{
  "model": "auth.permission",
  "pk": 71,
  "fields": {
    "name": "Can delete workflow",
    "content_type": [
      "wagtailcore",
      "workflow"
    ],
    "codename": "delete_workflow"
  }
},
{
  "model": "auth.permission",
  "pk": 72,
  "fields": {
    "name": "Can view workflow",
    "content_type": [
      "wagtailcore",
      "workflow"
    ],
    "codename": "view_workflow"
  }
},
{
  "model": "auth.permission",
  "pk": 73,
  "fields": {
    "name": "Can add Group approval task",
    "content_type": [
      "wagtailcore",
      "groupapprovaltask"
    ],
    "codename": "add_groupapprovaltask"
  }
},
{
  "model": "auth.permission",
  "pk": 74,
  "fields": {
    "name": "Can change Group approval task",
    "content_type": [
      "wagtailcore",
      "groupapprovaltask"
    ],
    "codename": "change_groupapprovaltask"
  }
},
{
  "model": "auth.permission",
  "pk": 75,
  "fields": {
    "name": "Can delete Group approval task",
    "content_type": [
      "wagtailcore",
      "groupapprovaltask"
    ],
    "codename": "delete_groupapprovaltask"
  }
},
{
  "model": "auth.permission",
  "pk": 76,
  "fields": {
    "name": "Can view Group approval task",
    "content_type": [
      "wagtailcore",
      "groupapprovaltask"
    ],
    "codename": "view_groupapprovaltask"
  }
},
{
  "model": "auth.permission",
  "pk": 77,
  "fields": {
    "name": "Can add Workflow state",
    "content_type": [
      "wagtailcore",
      "workflowstate"
    ],
    "codename": "add_workflowstate"
  }
},
{
  "model": "auth.permission",
  "pk": 78,
  "fields": {
    "name": "Can change Workflow state",
    "content_type": [
      "wagtailcore",
      "workflowstate"
    ],
    "codename": "change_workflowstate"
  }
},
{
  "model": "auth.permission",
  "pk": 79,
  "fields": {
    "name": "Can delete Workflow state",
    "content_type": [
      "wagtailcore",
      "workflowstate"
    ],
    "codename": "delete_workflowstate"
  }
},
{
  "model": "auth.permission",
  "pk": 80,
  "fields": {
    "name": "Can view Workflow state",
    "content_type": [
      "wagtailcore",
      "workflowstate"
    ],
    "codename": "view_workflowstate"
  }
},
{
  "model": "auth.permission",
  "pk": 81,
  "fields": {
    "name": "Can add Task state",
    "content_type": [
      "wagtailcore",
      "taskstate"
    ],
    "codename": "add_taskstate"
  }
},
{
  "model": "auth.permission",
  "pk": 82,
  "fields": {
    "name": "Can change Task state",
    "content_type": [
      "wagtailcore",
      "taskstate"
    ],
    "codename": "change_taskstate"
  }
},
{
  "model": "auth.permission",
  "pk": 83,
  "fields": {
    "name": "Can delete Task state",
    "content_type": [
      "wagtailcore",
      "taskstate"
    ],
    "codename": "delete_taskstate"
  }
},
{
  "model": "auth.permission",
  "pk": 84,
  "fields": {
    "name": "Can view Task state",
    "content_type": [
      "wagtailcore",
      "taskstate"
    ],
    "codename": "view_taskstate"
  }
},
{
  "model": "auth.permission",
  "pk": 85,
  "fields": {
    "name": "Can add page log entry",
    "content_type": [
      "wagtailcore",
      "pagelogentry"
    ],
    "codename": "add_pagelogentry"
  }
},
{
  "model": "auth.permission",
  "pk": 86,
  "fields": {
    "name": "Can change page log entry",
    "content_type": [
      "wagtailcore",
      "pagelogentry"
    ],
    "codename": "change_pagelogentry"
  }
},
{
  "model": "auth.permission",
  "pk": 87,
  "fields": {
    "name": "Can delete page log entry",
    "content_type": [
      "wagtailcore",
      "pagelogentry"
    ],
    "codename": "delete_pagelogentry"
  }
},
{
  "model": "auth.permission",
  "pk": 88,
  "fields": {
    "name": "Can view page log entry",
    "content_type": [
      "wagtailcore",
      "pagelogentry"
    ],
    "codename": "view_pagelogentry"
  }
},
{
  "model": "auth.permission",
  "pk": 89,
  "fields": {
    "name": "Can add comment",
    "content_type": [
      "wagtailcore",
      "comment"
    ],
    "codename": "add_comment"
  }
},
{
  "model": "auth.permission",
  "pk": 90,
  "fields": {
    "name": "Can change comment",
    "content_type": [
      "wagtailcore",
      "comment"
    ],
    "codename": "change_comment"
  }
},
{
  "model": "auth.permission",
  "pk": 91,
  "fields": {
    "name": "Can delete comment",
    "content_type": [
      "wagtailcore",
      "comment"
    ],
    "codename": "delete_comment"
  }
},
{
  "model": "auth.permission",
  "pk": 92,
  "fields": {
    "name": "Can view comment",
    "content_type": [
      "wagtailcore",
      "comment"
    ],
    "codename": "view_comment"
  }
},
{
  "model": "auth.permission",
  "pk": 93,
  "fields": {
    "name": "Can add comment reply",
    "content_type": [
      "wagtailcore",
      "commentreply"
    ],
    "codename": "add_commentreply"
  }
},
{
  "model": "auth.permission",
  "pk": 94,
  "fields": {
    "name": "Can change comment reply",
    "content_type": [
      "wagtailcore",
      "commentreply"
    ],
    "codename": "change_commentreply"
  }
},
{
  "model": "auth.permission",
  "pk": 95,
  "fields": {
    "name": "Can delete comment reply",
    "content_type": [
      "wagtailcore",
      "commentreply"
    ],
    "codename": "delete_commentreply"
  }
},
{
  "model": "auth.permission",
  "pk": 96,
  "fields": {
    "name": "Can view comment reply",
    "content_type": [
      "wagtailcore",
      "commentreply"
    ],
    "codename": "view_commentreply"
  }
},
{
  "model": "auth.permission",
  "pk": 97,
  "fields": {
    "name": "Can add page subscription",
    "content_type": [
      "wagtailcore",
      "pagesubscription"
    ],
    "codename": "add_pagesubscription"
  }
},
{
  "model": "auth.permission",
  "pk": 98,
  "fields": {
    "name": "Can change page subscription",
    "content_type": [
      "wagtailcore",
      "pagesubscription"
    ],
    "codename": "change_pagesubscription"
  }
},
{
  "model": "auth.permission",
  "pk": 99,
  "fields": {
    "name": "Can delete page subscription",
    "content_type": [
      "wagtailcore",
      "pagesubscription"
    ],
    "codename": "delete_pagesubscription"
  }
},
{
  "model": "auth.permission",
  "pk": 100,
  "fields": {
    "name": "Can view page subscription",
    "content_type": [
      "wagtailcore",
      "pagesubscription"
    ],
    "codename": "view_pagesubscription"
  }
},
{
  "model": "auth.permission",
  "pk": 101,
  "fields": {
    "name": "Can choose video",
    "content_type": [
      "wagtailvideos",
      "video"
    ],
    "codename": "choose_video"
  }
},
{
  "model": "auth.permission",
  "pk": 102,
  "fields": {
    "name": "Can access Wagtail admin",
    "content_type": [
      "wagtailadmin",
      "admin"
    ],
    "codename": "access_admin"
  }
},
{
  "model": "auth.permission",
  "pk": 103,
  "fields": {
    "name": "Can add document",
    "content_type": [
      "wagtaildocs",
      "document"
    ],
    "codename": "add_document"
  }
},
{
  "model": "auth.permission",
  "pk": 104,
  "fields": {
    "name": "Can change document",
    "content_type": [
      "wagtaildocs",
      "document"
    ],
    "codename": "change_document"
  }
},
{
  "model": "auth.permission",
  "pk": 105,
  "fields": {
    "name": "Can delete document",
    "content_type": [
      "wagtaildocs",
      "document"
    ],
    "codename": "delete_document"
  }
},
{
  "model": "auth.permission",
  "pk": 106,
  "fields": {
    "name": "Can choose document",
    "content_type": [
      "wagtaildocs",
      "document"
    ],
    "codename": "choose_document"
  }
},
{
  "model": "auth.permission",
  "pk": 107,
  "fields": {
    "name": "Can add image",
    "content_type": [
      "wagtailimages",
      "image"
    ],
    "codename": "add_image"
  }
},
{
  "model": "auth.permission",
  "pk": 108,
  "fields": {
    "name": "Can change image",
    "content_type": [
      "wagtailimages",
      "image"
    ],
    "codename": "change_image"
  }
},
{
  "model": "auth.permission",
  "pk": 109,
  "fields": {
    "name": "Can delete image",
    "content_type": [
      "wagtailimages",
      "image"
    ],
    "codename": "delete_image"
  }
},
{
  "model": "auth.permission",
  "pk": 110,
  "fields": {
    "name": "Can choose image",
    "content_type": [
      "wagtailimages",
      "image"
    ],
    "codename": "choose_image"
  }
},
{
  "model": "auth.permission",
  "pk": 111,
  "fields": {
    "name": "Can add form submission",
    "content_type": [
      "wagtailforms",
      "formsubmission"
    ],
    "codename": "add_formsubmission"
  }
},
{
  "model": "auth.permission",
  "pk": 112,
  "fields": {
    "name": "Can change form submission",
    "content_type": [
      "wagtailforms",
      "formsubmission"
    ],
    "codename": "change_formsubmission"
  }
},
{
  "model": "auth.permission",
  "pk": 113,
  "fields": {
    "name": "Can delete form submission",
    "content_type": [
      "wagtailforms",
      "formsubmission"
    ],
    "codename": "delete_formsubmission"
  }
},
{
  "model": "auth.permission",
  "pk": 114,
  "fields": {
    "name": "Can view form submission",
    "content_type": [
      "wagtailforms",
      "formsubmission"
    ],
    "codename": "view_formsubmission"
  }
},
{
  "model": "auth.permission",
  "pk": 115,
  "fields": {
    "name": "Can add redirect",
    "content_type": [
      "wagtailredirects",
      "redirect"
    ],
    "codename": "add_redirect"
  }
},
{
  "model": "auth.permission",
  "pk": 116,
  "fields": {
    "name": "Can change redirect",
    "content_type": [
      "wagtailredirects",
      "redirect"
    ],
    "codename": "change_redirect"
  }
},
{
  "model": "auth.permission",
  "pk": 117,
  "fields": {
    "name": "Can delete redirect",
    "content_type": [
      "wagtailredirects",
      "redirect"
    ],
    "codename": "delete_redirect"
  }
},
{
  "model": "auth.permission",
  "pk": 118,
  "fields": {
    "name": "Can view redirect",
    "content_type": [
      "wagtailredirects",
      "redirect"
    ],
    "codename": "view_redirect"
  }
},
{
  "model": "auth.permission",
  "pk": 119,
  "fields": {
    "name": "Can add embed",
    "content_type": [
      "wagtailembeds",
      "embed"
    ],
    "codename": "add_embed"
  }
},
{
  "model": "auth.permission",
  "pk": 120,
  "fields": {
    "name": "Can change embed",
    "content_type": [
      "wagtailembeds",
      "embed"
    ],
    "codename": "change_embed"
  }
},
{
  "model": "auth.permission",
  "pk": 121,
  "fields": {
    "name": "Can delete embed",
    "content_type": [
      "wagtailembeds",
      "embed"
    ],
    "codename": "delete_embed"
  }
},
{
  "model": "auth.permission",
  "pk": 122,
  "fields": {
    "name": "Can view embed",
    "content_type": [
      "wagtailembeds",
      "embed"
    ],
    "codename": "view_embed"
  }
},
{
  "model": "auth.permission",
  "pk": 123,
  "fields": {
    "name": "Can add user profile",
    "content_type": [
      "wagtailusers",
      "userprofile"
    ],
    "codename": "add_userprofile"
  }
},
{
  "model": "auth.permission",
  "pk": 124,
  "fields": {
    "name": "Can change user profile",
    "content_type": [
      "wagtailusers",
      "userprofile"
    ],
    "codename": "change_userprofile"
  }
},
{
  "model": "auth.permission",
  "pk": 125,
  "fields": {
    "name": "Can delete user profile",
    "content_type": [
      "wagtailusers",
      "userprofile"
    ],
    "codename": "delete_userprofile"
  }
},
{
  "model": "auth.permission",
  "pk": 126,
  "fields": {
    "name": "Can view user profile",
    "content_type": [
      "wagtailusers",
      "userprofile"
    ],
    "codename": "view_userprofile"
  }
},
{
  "model": "auth.permission",
  "pk": 127,
  "fields": {
    "name": "Can view document",
    "content_type": [
      "wagtaildocs",
      "document"
    ],
    "codename": "view_document"
  }
},
{
  "model": "auth.permission",
  "pk": 128,
  "fields": {
    "name": "Can view image",
    "content_type": [
      "wagtailimages",
      "image"
    ],
    "codename": "view_image"
  }
},
{
  "model": "auth.permission",
  "pk": 129,
  "fields": {
    "name": "Can add rendition",
    "content_type": [
      "wagtailimages",
      "rendition"
    ],
    "codename": "add_rendition"
  }
},
{
  "model": "auth.permission",
  "pk": 130,
  "fields": {
    "name": "Can change rendition",
    "content_type": [
      "wagtailimages",
      "rendition"
    ],
    "codename": "change_rendition"
  }
},
{
  "model": "auth.permission",
  "pk": 131,
  "fields": {
    "name": "Can delete rendition",
    "content_type": [
      "wagtailimages",
      "rendition"
    ],
    "codename": "delete_rendition"
  }
},
{
  "model": "auth.permission",
  "pk": 132,
  "fields": {
    "name": "Can view rendition",
    "content_type": [
      "wagtailimages",
      "rendition"
    ],
    "codename": "view_rendition"
  }
},
{
  "model": "auth.permission",
  "pk": 133,
  "fields": {
    "name": "Can add index entry",
    "content_type": [
      "wagtailsearch",
      "indexentry"
    ],
    "codename": "add_indexentry"
  }
},
{
  "model": "auth.permission",
  "pk": 134,
  "fields": {
    "name": "Can change index entry",
    "content_type": [
      "wagtailsearch",
      "indexentry"
    ],
    "codename": "change_indexentry"
  }
},
{
  "model": "auth.permission",
  "pk": 135,
  "fields": {
    "name": "Can delete index entry",
    "content_type": [
      "wagtailsearch",
      "indexentry"
    ],
    "codename": "delete_indexentry"
  }
},
{
  "model": "auth.permission",
  "pk": 136,
  "fields": {
    "name": "Can view index entry",
    "content_type": [
      "wagtailsearch",
      "indexentry"
    ],
    "codename": "view_indexentry"
  }
},
{
  "model": "auth.permission",
  "pk": 137,
  "fields": {
    "name": "Can add editing session",
    "content_type": [
      "wagtailadmin",
      "editingsession"
    ],
    "codename": "add_editingsession"
  }
},
{
  "model": "auth.permission",
  "pk": 138,
  "fields": {
    "name": "Can change editing session",
    "content_type": [
      "wagtailadmin",
      "editingsession"
    ],
    "codename": "change_editingsession"
  }
},
{
  "model": "auth.permission",
  "pk": 139,
  "fields": {
    "name": "Can delete editing session",
    "content_type": [
      "wagtailadmin",
      "editingsession"
    ],
    "codename": "delete_editingsession"
  }
},
{
  "model": "auth.permission",
  "pk": 140,
  "fields": {
    "name": "Can view editing session",
    "content_type": [
      "wagtailadmin",
      "editingsession"
    ],
    "codename": "view_editingsession"
  }
},
{
  "model": "auth.permission",
  "pk": 141,
  "fields": {
    "name": "Can add tag",
    "content_type": [
      "taggit",
      "tag"
    ],
    "codename": "add_tag"
  }
},
{
  "model": "auth.permission",
  "pk": 142,
  "fields": {
    "name": "Can change tag",
    "content_type": [
      "taggit",
      "tag"
    ],
    "codename": "change_tag"
  }
},
{
  "model": "auth.permission",
  "pk": 143,
  "fields": {
    "name": "Can delete tag",
    "content_type": [
      "taggit",
      "tag"
    ],
    "codename": "delete_tag"
  }
},
{
  "model": "auth.permission",
  "pk": 144,
  "fields": {
    "name": "Can view tag",
    "content_type": [
      "taggit",
      "tag"
    ],
    "codename": "view_tag"
  }
},
{
  "model": "auth.permission",
  "pk": 145,
  "fields": {
    "name": "Can add tagged item",
    "content_type": [
      "taggit",
      "taggeditem"
    ],
    "codename": "add_taggeditem"
  }
},
{
  "model": "auth.permission",
  "pk": 146,
  "fields": {
    "name": "Can change tagged item",
    "content_type": [
      "taggit",
      "taggeditem"
    ],
    "codename": "change_taggeditem"
  }
},
{
  "model": "auth.permission",
  "pk": 147,
  "fields": {
    "name": "Can delete tagged item",
    "content_type": [
      "taggit",
      "taggeditem"
    ],
    "codename": "delete_taggeditem"
  }
},
{
  "model": "auth.permission",
  "pk": 148,
  "fields": {
    "name": "Can view tagged item",
    "content_type": [
      "taggit",
      "taggeditem"
    ],
    "codename": "view_taggeditem"
  }
},
{
  "model": "auth.permission",
  "pk": 149,
  "fields": {
    "name": "Can add log entry",
    "content_type": [
      "admin",
      "logentry"
    ],
    "codename": "add_logentry"
  }
},
{
  "model": "auth.permission",
  "pk": 150,
  "fields": {
    "name": "Can change log entry",
    "content_type": [
      "admin",
      "logentry"
    ],
    "codename": "change_logentry"
  }
},
{
  "model": "auth.permission",
  "pk": 151,
  "fields": {
    "name": "Can delete log entry",
    "content_type": [
      "admin",
      "logentry"
    ],
    "codename": "delete_logentry"
  }
},
{
  "model": "auth.permission",
  "pk": 152,
  "fields": {
    "name": "Can view log entry",
    "content_type": [
      "admin",
      "logentry"
    ],
    "codename": "view_logentry"
  }
},
{
  "model": "auth.permission",
  "pk": 153,
  "fields": {
    "name": "Can add permission",
    "content_type": [
      "auth",
      "permission"
    ],
    "codename": "add_permission"
  }
},
{
  "model": "auth.permission",
  "pk": 154,
  "fields": {
    "name": "Can change permission",
    "content_type": [
      "auth",
      "permission"
    ],
    "codename": "change_permission"
  }
},
{
  "model": "auth.permission",
  "pk": 155,
  "fields": {
    "name": "Can delete permission",
    "content_type": [
      "auth",
      "permission"
    ],
    "codename": "delete_permission"
  }
},
{
  "model": "auth.permission",
  "pk": 156,
  "fields": {
    "name": "Can view permission",
    "content_type": [
      "auth",
      "permission"
    ],
    "codename": "view_permission"
  }
},
{
  "model": "auth.permission",
  "pk": 157,
  "fields": {
    "name": "Can add group",
    "content_type": [
      "auth",
      "group"
    ],
    "codename": "add_group"
  }
},
{
  "model": "auth.permission",
  "pk": 158,
  "fields": {
    "name": "Can change group",
    "content_type": [
      "auth",
      "group"
    ],
    "codename": "change_group"
  }
},
{
  "model": "auth.permission",
  "pk": 159,
  "fields": {
    "name": "Can delete group",
    "content_type": [
      "auth",
      "group"
    ],
    "codename": "delete_group"
  }
},
{
  "model": "auth.permission",
  "pk": 160,
  "fields": {
    "name": "Can view group",
    "content_type": [
      "auth",
      "group"
    ],
    "codename": "view_group"
  }
},
{
  "model": "auth.permission",
  "pk": 161,
  "fields": {
    "name": "Can add content type",
    "content_type": [
      "contenttypes",
      "contenttype"
    ],
    "codename": "add_contenttype"
  }
},
{
  "model": "auth.permission",
  "pk": 162,
  "fields": {
    "name": "Can change content type",
    "content_type": [
      "contenttypes",
      "contenttype"
    ],
    "codename": "change_contenttype"
  }
},
{
  "model": "auth.permission",
  "pk": 163,
  "fields": {
    "name": "Can delete content type",
    "content_type": [
      "contenttypes",
      "contenttype"
    ],
    "codename": "delete_contenttype"
  }
},
{
  "model": "auth.permission",
  "pk": 164,
  "fields": {
    "name": "Can view content type",
    "content_type": [
      "contenttypes",
      "contenttype"
    ],
    "codename": "view_contenttype"
  }
},
{
  "model": "auth.permission",
  "pk": 165,
  "fields": {
    "name": "Can add session",
    "content_type": [
      "sessions",
      "session"
    ],
    "codename": "add_session"
  }
},
{
  "model": "auth.permission",
  "pk": 166,
  "fields": {
    "name": "Can change session",
    "content_type": [
      "sessions",
      "session"
    ],
    "codename": "change_session"
  }
},
{
  "model": "auth.permission",
  "pk": 167,
  "fields": {
    "name": "Can delete session",
    "content_type": [
      "sessions",
      "session"
    ],
    "codename": "delete_session"
  }
},
{
  "model": "auth.permission",
  "pk": 168,
  "fields": {
    "name": "Can view session",
    "content_type": [
      "sessions",
      "session"
    ],
    "codename": "view_session"
  }
},
{
  "model": "auth.permission",
  "pk": 169,
  "fields": {
    "name": "Can add video",
    "content_type": [
      "wagtailvideos",
      "video"
    ],
    "codename": "add_video"
  }
},
{
  "model": "auth.permission",
  "pk": 170,
  "fields": {
    "name": "Can change video",
    "content_type": [
      "wagtailvideos",
      "video"
    ],
    "codename": "change_video"
  }
},
{
  "model": "auth.permission",
  "pk": 171,
  "fields": {
    "name": "Can delete video",
    "content_type": [
      "wagtailvideos",
      "video"
    ],
    "codename": "delete_video"
  }
},
{
  "model": "auth.permission",
  "pk": 172,
  "fields": {
    "name": "Can view video",
    "content_type": [
      "wagtailvideos",
      "video"
    ],
    "codename": "view_video"
  }
},
{
  "model": "auth.permission",
  "pk": 173,
  "fields": {
    "name": "Can add video transcode",
    "content_type": [
      "wagtailvideos",
      "videotranscode"
    ],
    "codename": "add_videotranscode"
  }
},
{
  "model": "auth.permission",
  "pk": 174,
  "fields": {
    "name": "Can change video transcode",
    "content_type": [
      "wagtailvideos",
      "videotranscode"
    ],
    "codename": "change_videotranscode"
  }
},
{
  "model": "auth.permission",
  "pk": 175,
  "fields": {
    "name": "Can delete video transcode",
    "content_type": [
      "wagtailvideos",
      "videotranscode"
    ],
    "codename": "delete_videotranscode"
  }
},
{
  "model": "auth.permission",
  "pk": 176,
  "fields": {
    "name": "Can view video transcode",
    "content_type": [
      "wagtailvideos",
      "videotranscode"
    ],
    "codename": "view_videotranscode"
  }
},
{
  "model": "auth.permission",
  "pk": 177,
  "fields": {
    "name": "Can add track listing",
    "content_type": [
      "wagtailvideos",
      "tracklisting"
    ],
    "codename": "add_tracklisting"
  }
},
{
  "model": "auth.permission",
  "pk": 178,
  "fields": {
    "name": "Can change track listing",
    "content_type": [
      "wagtailvideos",
      "tracklisting"
    ],
    "codename": "change_tracklisting"
  }
},
{
  "model": "auth.permission",
  "pk": 179,
  "fields": {
    "name": "Can delete track listing",
    "content_type": [
      "wagtailvideos",
      "tracklisting"
    ],
    "codename": "delete_tracklisting"
  }
},
{
  "model": "auth.permission",
  "pk": 180,
  "fields": {
    "name": "Can view track listing",
    "content_type": [
      "wagtailvideos",
      "tracklisting"
    ],
    "codename": "view_tracklisting"
  }
},
{
  "model": "auth.permission",
  "pk": 181,
  "fields": {
    "name": "Can add video track",
    "content_type": [
      "wagtailvideos",
      "videotrack"
    ],
    "codename": "add_videotrack"
  }
},
{
  "model": "auth.permission",
  "pk": 182,
  "fields": {
    "name": "Can change video track",
    "content_type": [
      "wagtailvideos",
      "videotrack"
    ],
    "codename": "change_videotrack"
  }
},
{
  "model": "auth.permission",
  "pk": 183,
  "fields": {
    "name": "Can delete video track",
    "content_type": [
      "wagtailvideos",
      "videotrack"
    ],
    "codename": "delete_videotrack"
  }
},
{
  "model": "auth.permission",
  "pk": 184,
  "fields": {
    "name": "Can view video track",
    "content_type": [
      "wagtailvideos",
      "videotrack"
    ],
    "codename": "view_videotrack"
  }
},
{
  "model": "auth.permission",
  "pk": 185,
  "fields": {
    "name": "Can add captcha store",
    "content_type": [
      "captcha",
      "captchastore"
    ],
    "codename": "add_captchastore"
  }
},
{
  "model": "auth.permission",
  "pk": 186,
  "fields": {
    "name": "Can change captcha store",
    "content_type": [
      "captcha",
      "captchastore"
    ],
    "codename": "change_captchastore"
  }
},
{
  "model": "auth.permission",
  "pk": 187,
  "fields": {
    "name": "Can delete captcha store",
    "content_type": [
      "captcha",
      "captchastore"
    ],
    "codename": "delete_captchastore"
  }
},
{
  "model": "auth.permission",
  "pk": 188,
  "fields": {
    "name": "Can view captcha store",
    "content_type": [
      "captcha",
      "captchastore"
    ],
    "codename": "view_captchastore"
  }
},
{
  "model": "auth.permission",
  "pk": 189,
  "fields": {
    "name": "Can add home page",
    "content_type": [
      "home",
      "homepage"
    ],
    "codename": "add_homepage"
  }
},
{
  "model": "auth.permission",
  "pk": 190,
  "fields": {
    "name": "Can change home page",
    "content_type": [
      "home",
      "homepage"
    ],
    "codename": "change_homepage"
  }
},
{
  "model": "auth.permission",
  "pk": 191,
  "fields": {
    "name": "Can delete home page",
    "content_type": [
      "home",
      "homepage"
    ],
    "codename": "delete_homepage"
  }
},
{
  "model": "auth.permission",
  "pk": 192,
  "fields": {
    "name": "Can view home page",
    "content_type": [
      "home",
      "homepage"
    ],
    "codename": "view_homepage"
  }
},
{
  "model": "auth.permission",
  "pk": 193,
  "fields": {
    "name": "Can add user",
    "content_type": [
      "account",
      "customuser"
    ],
    "codename": "add_customuser"
  }
},
{
  "model": "auth.permission",
  "pk": 194,
  "fields": {
    "name": "Can change user",
    "content_type": [
      "account",
      "customuser"
    ],
    "codename": "change_customuser"
  }
},
{
  "model": "auth.permission",
  "pk": 195,
  "fields": {
    "name": "Can delete user",
    "content_type": [
      "account",
      "customuser"
    ],
    "codename": "delete_customuser"
  }
},
{
  "model": "auth.permission",
  "pk": 196,
  "fields": {
    "name": "Can view user",
    "content_type": [
      "account",
      "customuser"
    ],
    "codename": "view_customuser"
  }
},
{
  "model": "auth.permission",
  "pk": 197,
  "fields": {
    "name": "Can add form page",
    "content_type": [
      "contact",
      "formpage"
    ],
    "codename": "add_formpage"
  }
},
{
  "model": "auth.permission",
  "pk": 198,
  "fields": {
    "name": "Can change form page",
    "content_type": [
      "contact",
      "formpage"
    ],
    "codename": "change_formpage"
  }
},
{
  "model": "auth.permission",
  "pk": 199,
  "fields": {
    "name": "Can delete form page",
    "content_type": [
      "contact",
      "formpage"
    ],
    "codename": "delete_formpage"
  }
},
{
  "model": "auth.permission",
  "pk": 200,
  "fields": {
    "name": "Can view form page",
    "content_type": [
      "contact",
      "formpage"
    ],
    "codename": "view_formpage"
  }
},
{
  "model": "auth.permission",
  "pk": 201,
  "fields": {
    "name": "Can add form field",
    "content_type": [
      "contact",
      "formfield"
    ],
    "codename": "add_formfield"
  }
},
{
  "model": "auth.permission",
  "pk": 202,
  "fields": {
    "name": "Can change form field",
    "content_type": [
      "contact",
      "formfield"
    ],
    "codename": "change_formfield"
  }
},
{
  "model": "auth.permission",
  "pk": 203,
  "fields": {
    "name": "Can delete form field",
    "content_type": [
      "contact",
      "formfield"
    ],
    "codename": "delete_formfield"
  }
},
{
  "model": "auth.permission",
  "pk": 204,
  "fields": {
    "name": "Can view form field",
    "content_type": [
      "contact",
      "formfield"
    ],
    "codename": "view_formfield"
  }
},
{
  "model": "auth.permission",
  "pk": 205,
  "fields": {
    "name": "Can add mention page",
    "content_type": [
      "home",
      "mentionpage"
    ],
    "codename": "add_mentionpage"
  }
},
{
  "model": "auth.permission",
  "pk": 206,
  "fields": {
    "name": "Can change mention page",
    "content_type": [
      "home",
      "mentionpage"
    ],
    "codename": "change_mentionpage"
  }
},
{
  "model": "auth.permission",
  "pk": 207,
  "fields": {
    "name": "Can delete mention page",
    "content_type": [
      "home",
      "mentionpage"
    ],
    "codename": "delete_mentionpage"
  }
},
{
  "model": "auth.permission",
  "pk": 208,
  "fields": {
    "name": "Can view mention page",
    "content_type": [
      "home",
      "mentionpage"
    ],
    "codename": "view_mentionpage"
  }
},
{
  "model": "auth.permission",
  "pk": 209,
  "fields": {
    "name": "Can add mention page",
    "content_type": [
      "standardpages",
      "mentionpage"
    ],
    "codename": "add_mentionpage"
  }
},
{
  "model": "auth.permission",
  "pk": 210,
  "fields": {
    "name": "Can change mention page",
    "content_type": [
      "standardpages",
      "mentionpage"
    ],
    "codename": "change_mentionpage"
  }
},
{
  "model": "auth.permission",
  "pk": 211,
  "fields": {
    "name": "Can delete mention page",
    "content_type": [
      "standardpages",
      "mentionpage"
    ],
    "codename": "delete_mentionpage"
  }
},
{
  "model": "auth.permission",
  "pk": 212,
  "fields": {
    "name": "Can view mention page",
    "content_type": [
      "standardpages",
      "mentionpage"
    ],
    "codename": "view_mentionpage"
  }
},
{
  "model": "auth.permission",
  "pk": 213,
  "fields": {
    "name": "Can add mention index page",
    "content_type": [
      "standardpages",
      "mentionindexpage"
    ],
    "codename": "add_mentionindexpage"
  }
},
{
  "model": "auth.permission",
  "pk": 214,
  "fields": {
    "name": "Can change mention index page",
    "content_type": [
      "standardpages",
      "mentionindexpage"
    ],
    "codename": "change_mentionindexpage"
  }
},
{
  "model": "auth.permission",
  "pk": 215,
  "fields": {
    "name": "Can delete mention index page",
    "content_type": [
      "standardpages",
      "mentionindexpage"
    ],
    "codename": "delete_mentionindexpage"
  }
},
{
  "model": "auth.permission",
  "pk": 216,
  "fields": {
    "name": "Can view mention index page",
    "content_type": [
      "standardpages",
      "mentionindexpage"
    ],
    "codename": "view_mentionindexpage"
  }
},
{
  "model": "auth.permission",
  "pk": 217,
  "fields": {
    "name": "Can publish footer text",
    "content_type": [
      "home",
      "footertext"
    ],
    "codename": "publish_footertext"
  }
},
{
  "model": "auth.permission",
  "pk": 218,
  "fields": {
    "name": "Can add navigation settings",
    "content_type": [
      "home",
      "navigationsettings"
    ],
    "codename": "add_navigationsettings"
  }
},
{
  "model": "auth.permission",
  "pk": 219,
  "fields": {
    "name": "Can change navigation settings",
    "content_type": [
      "home",
      "navigationsettings"
    ],
    "codename": "change_navigationsettings"
  }
},
{
  "model": "auth.permission",
  "pk": 220,
  "fields": {
    "name": "Can delete navigation settings",
    "content_type": [
      "home",
      "navigationsettings"
    ],
    "codename": "delete_navigationsettings"
  }
},
{
  "model": "auth.permission",
  "pk": 221,
  "fields": {
    "name": "Can view navigation settings",
    "content_type": [
      "home",
      "navigationsettings"
    ],
    "codename": "view_navigationsettings"
  }
},
{
  "model": "auth.permission",
  "pk": 222,
  "fields": {
    "name": "Can add footer text",
    "content_type": [
      "home",
      "footertext"
    ],
    "codename": "add_footertext"
  }
},
{
  "model": "auth.permission",
  "pk": 223,
  "fields": {
    "name": "Can change footer text",
    "content_type": [
      "home",
      "footertext"
    ],
    "codename": "change_footertext"
  }
},
{
  "model": "auth.permission",
  "pk": 224,
  "fields": {
    "name": "Can delete footer text",
    "content_type": [
      "home",
      "footertext"
    ],
    "codename": "delete_footertext"
  }
},
{
  "model": "auth.permission",
  "pk": 225,
  "fields": {
    "name": "Can view footer text",
    "content_type": [
      "home",
      "footertext"
    ],
    "codename": "view_footertext"
  }
},
{
  "model": "auth.permission",
  "pk": 226,
  "fields": {
    "name": "Can publish footer text",
    "content_type": [
      "base",
      "footertext"
    ],
    "codename": "publish_footertext"
  }
},
{
  "model": "auth.permission",
  "pk": 227,
  "fields": {
    "name": "Can add navigation settings",
    "content_type": [
      "base",
      "navigationsettings"
    ],
    "codename": "add_navigationsettings"
  }
},
{
  "model": "auth.permission",
  "pk": 228,
  "fields": {
    "name": "Can change navigation settings",
    "content_type": [
      "base",
      "navigationsettings"
    ],
    "codename": "change_navigationsettings"
  }
},
{
  "model": "auth.permission",
  "pk": 229,
  "fields": {
    "name": "Can delete navigation settings",
    "content_type": [
      "base",
      "navigationsettings"
    ],
    "codename": "delete_navigationsettings"
  }
},
{
  "model": "auth.permission",
  "pk": 230,
  "fields": {
    "name": "Can view navigation settings",
    "content_type": [
      "base",
      "navigationsettings"
    ],
    "codename": "view_navigationsettings"
  }
},
{
  "model": "auth.permission",
  "pk": 231,
  "fields": {
    "name": "Can add footer text",
    "content_type": [
      "base",
      "footertext"
    ],
    "codename": "add_footertext"
  }
},
{
  "model": "auth.permission",
  "pk": 232,
  "fields": {
    "name": "Can change footer text",
    "content_type": [
      "base",
      "footertext"
    ],
    "codename": "change_footertext"
  }
},
{
  "model": "auth.permission",
  "pk": 233,
  "fields": {
    "name": "Can delete footer text",
    "content_type": [
      "base",
      "footertext"
    ],
    "codename": "delete_footertext"
  }
},
{
  "model": "auth.permission",
  "pk": 234,
  "fields": {
    "name": "Can view footer text",
    "content_type": [
      "base",
      "footertext"
    ],
    "codename": "view_footertext"
  }
},
{
  "model": "auth.permission",
  "pk": 235,
  "fields": {
    "name": "Can add policy page",
    "content_type": [
      "standardpages",
      "policypage"
    ],
    "codename": "add_policypage"
  }
},
{
  "model": "auth.permission",
  "pk": 236,
  "fields": {
    "name": "Can change policy page",
    "content_type": [
      "standardpages",
      "policypage"
    ],
    "codename": "change_policypage"
  }
},
{
  "model": "auth.permission",
  "pk": 237,
  "fields": {
    "name": "Can delete policy page",
    "content_type": [
      "standardpages",
      "policypage"
    ],
    "codename": "delete_policypage"
  }
},
{
  "model": "auth.permission",
  "pk": 238,
  "fields": {
    "name": "Can view policy page",
    "content_type": [
      "standardpages",
      "policypage"
    ],
    "codename": "view_policypage"
  }
},
{
  "model": "wagtailcore.task",
  "pk": 1,
  "fields": {
    "name": "Moderators approval",
    "content_type": [
      "wagtailcore",
      "groupapprovaltask"
    ],
    "active": true
  }
},
{
  "model": "wagtailcore.referenceindex",
  "pk": 1,
  "fields": {
    "content_type": [
      "home",
      "homepage"
    ],
    "base_content_type": [
      "wagtailcore",
      "page"
    ],
    "object_id": "3",
    "to_content_type": [
      "wagtailcore",
      "page"
    ],
    "to_object_id": "4",
    "model_path": "contact_cta_link",
    "content_path": "contact_cta_link",
    "content_path_hash": "f51cc7b7-c6b6-597e-949c-d10533a927f0"
  }
},
{
  "model": "wagtailcore.referenceindex",
  "pk": 5,
  "fields": {
    "content_type": [
      "home",
      "homepage"
    ],
    "base_content_type": [
      "wagtailcore",
      "page"
    ],
    "object_id": "3",
    "to_content_type": [
      "wagtailcore",
      "page"
    ],
    "to_object_id": "11",
    "model_path": "mention_cta_link",
    "content_path": "mention_cta_link",
    "content_path_hash": "d950b4db-566f-57a1-80dc-396fb9e08d2a"
  }
},
{
  "model": "wagtailcore.referenceindex",
  "pk": 8,
  "fields": {
    "content_type": [
      "base",
      "footertext"
    ],
    "base_content_type": [
      "base",
      "footertext"
    ],
    "object_id": "3",
    "to_content_type": [
      "wagtailcore",
      "page"
    ],
    "to_object_id": "11",
    "model_path": "body.",
    "content_path": "body.",
    "content_path_hash": "4d332296-be98-5f77-a5ad-cbe1e1aacda5"
  }
},
{
  "model": "wagtailcore.referenceindex",
  "pk": 9,
  "fields": {
    "content_type": [
      "home",
      "homepage"
    ],
    "base_content_type": [
      "wagtailcore",
      "page"
    ],
    "object_id": "3",
    "to_content_type": [
      "wagtailcore",
      "page"
    ],
    "to_object_id": "15",
    "model_path": "policy_cta_link",
    "content_path": "policy_cta_link",
    "content_path_hash": "5040f51a-1840-5cfb-9c77-9a60f7f6adcd"
  }
},
{
  "model": "wagtailsearch.indexentry",
  "pk": 1,
  "fields": {
    "content_type": [
      "home",
      "homepage"
    ],
    "object_id": "3",
    "title_norm": 1.375,
    "autocomplete": "Home",
    "title": "Home",
    "body": ""
  }
},
{
  "model": "wagtailsearch.indexentry",
  "pk": 2,
  "fields": {
    "content_type": [
      "contact",
      "formpage"
    ],
    "object_id": "4",
    "title_norm": 0.7857142857142857,
    "autocomplete": "Contact",
    "title": "Contact",
    "body": ""
  }
},
{
  "model": "wagtailsearch.indexentry",
  "pk": 5,
  "fields": {
    "content_type": [
      "home",
      "mentionpage"
    ],
    "object_id": "8",
    "title_norm": 0.5625,
    "autocomplete": "mentions légales",
    "title": "mentions légales",
    "body": ""
  }
},
{
  "model": "wagtailsearch.indexentry",
  "pk": 8,
  "fields": {
    "content_type": [
      "standardpages",
      "mentionpage"
    ],
    "object_id": "11",
    "title_norm": 0.625,
    "autocomplete": "Mentions légales",
    "title": "Mentions légales",
    "body": " Mentions légales en vigueur au 01/01/205 Conditions d'utilisation L’utilisation du présent site implique l’acceptation pleine et entière des conditions générales d’utilisation décrites ci-après. Ces conditions d’utilisation sont susceptibles d’être modifiées ou complétées à tout moment.  Informations Les informations et documents du site sont présentés à titre indicatif, n’ont pas de caractère exhaustif, et ne peuvent engager la responsabilité du propriétaire du site. Le propriétaire du site ne peut être tenu responsable des dommages directs et indirects consécutifs à l’accès au site.  Propriété intellectuelle Sauf mention contraire, tous les éléments accessibles sur le site (textes, images, graphismes, logo, icônes, sons, logiciels, etc.) restent la propriété exclusive de leurs auteurs, en ce qui concerne les droits de propriété intellectuelle ou les droits d’usage. 1- Toute reproduction, représentation, modification, publication, adaptation de tout ou partie des éléments du site, quel que soit le moyen ou le procédé utilisé, est interdite, sauf autorisation écrite préalable de l’auteur. 2- 3- Toute exploitation non autorisée du site ou de l’un quelconque des éléments qu’il contient est considérée comme constitutive d’une contrefaçon et poursuivie. 4- Les marques et logos reproduits sur le site sont déposés par les sociétés qui en sont propriétaires. Hébergeur Siret : 510 909 807 00032 RCS Clermont Ferrand SAS au capital de 100 000€ Opérateur Télécom déclaré ARCEP 09/2989 – AS50474 Marque déposée INPI : 09 3 645 279 L’ensemble des éléments visuels et textuels de ce site fait l’objet d’un dépôt INPI-Soleau.  Conception et développement du site Créée par Gabrielle Azadian.    Crédits Illustrations et logo réalisés par Gabrielle Azadian Les photos et images proviennent du site de partage de photos Freepik et Envato"
  }
},
{
  "model": "wagtailsearch.indexentry",
  "pk": 12,
  "fields": {
    "content_type": [
      "standardpages",
      "policypage"
    ],
    "object_id": "15",
    "title_norm": 0.4240506329113924,
    "autocomplete": "Politique de confidentialité et de traitement des données personnelles de Artio",
    "title": "Politique de confidentialité et de traitement des données personnelles de Artio",
    "body": "Politique de confidentialité Politique de confidentialité et de traitement des données personnelles de Artio Nous pouvons collecter des données à caractère personnel vous concernant par l’intermédiaire de notre site Internet, de nos magasins ou de notre service commercial. Les données que nous collectons sont, selon les cas : vos prénom et nom votre adresse email votre adresse de facturation et/ou de livraison votre numéro de téléphone l’adresse IP de l’ordinateur depuis lequel vous vous connectez au site Internet de Artio. Nous pouvons collecter vos données personnelles de plusieurs manières : Dans le cadre de la création, en ligne ou par l’intermédiaire de notre service commercial, de votre compte client; Dans le cadre de la passation de commande; Quand vous contactez le service client, notamment pour une réclamation ; Dans le cadre de votre navigation et utilisation de son site Internet, par l’intermédiaire de cookies tel que Google Analytics notamment .  Nous pouvons collecter, stocker et traiter vos données personnelles et les regrouper avec d’autres données personnelles que vous avez pu être amené(e) à nous fournir précédemment par d’autres biais, pour les seules finalités suivantes : communiquer avec les utilisateurs du Site, exécuter la commande d’un client et gérer la relation client, effectuer des opérations de prospection commerciale par email et sur les réseaux sociaux. Informer les clients de nos produits et services et personnaliser les produits proposés sur les réseaux sociaux analyser le trafic de notre site Internet. Le traitement de vos données personnelles est réalisé : soit sur la base de l’exécution d’une commande et la gestion de la relation client (passation de commande, achats, exercice de votre droit de rétractation, traitement de vos réclamations notamment); soit sur la base de l’exécution de mesures précontractuelles prises à votre demande (création du compte client) ; soit sur la base de notre intérêt légitime (pour l’analyse du trafic ainsi qu’en matière d’opérations de prospection commerciale). La fourniture de vos données personnelles est nécessaire à la communication, à la conclusion ou/et l’exécution d’éventuels contrats avec vous. Les données personnelles devant obligatoirement nous être communiquées à ce titre sont identifiées par un astérisque à côté du type de donnée concernée, lors de la création du compte client, lors de la passation de commande. La non-fourniture des données obligatoires nous empêchera de communiquer avec vous ou de conclure le contrat concerné. Les destinataires de vos données sont : le personnel habilité du service marketing, du service commercial, des services chargés de traiter la relation client et la prospection, des services administratifs, des services logistiques et informatiques ainsi que leurs responsables hiérarchiques ; le personnel habilité des services chargés du contrôle (commissaire aux comptes, services chargés des procédures internes du contrôle…) ; le personnel habilité des sous-traitants dès lors que le contrat signé entre les sous-traitants et Sessùn fait mention des obligations incombant aux sous-traitants en matière de protection de la sécurité et de la confidentialité des données  et précise notamment les objectifs de sécurité devant être atteints.  Les données personnelles collectées sont conservées pendant les durées suivantes : s’agissant des personnes physiques clientes : 10 ans après la fin de la relation contractuelle avec le client concerné ; s’agissant des prospects : 3 ans à compter de leur collecte ou de notre dernier contact avec vous. Conformément à la règlementation applicable, vous pouvez demander des informations à tout moment sur vos données personnelles détenues par Artio, demander leur rectification, si elles sont inexactes ou incomplètes, leur effacement ou une limitation à leur traitement le cas échéant en vous adressant à contact@artio."
  }
},
{
  "model": "wagtailredirects.redirect",
  "pk": 1,
  "fields": {
    "old_path": "/politique_confidentialit%C3%A9",
    "site": [
      "localhost",
      80
    ],
    "is_permanent": true,
    "redirect_page": 15,
    "redirect_page_route_path": "",
    "redirect_link": "",
    "automatically_created": true,
    "created_at": "2025-01-18T15:38:58.830Z"
  }
},
{
  "model": "auth.group",
  "pk": 1,
  "fields": {
    "name": "Moderators",
    "permissions": [
      [
        "access_admin",
        "wagtailadmin",
        "admin"
      ],
      [
        "add_document",
        "wagtaildocs",
        "document"
      ],
      [
        "change_document",
        "wagtaildocs",
        "document"
      ],
      [
        "choose_document",
        "wagtaildocs",
        "document"
      ],
      [
        "delete_document",
        "wagtaildocs",
        "document"
      ],
      [
        "add_image",
        "wagtailimages",
        "image"
      ],
      [
        "change_image",
        "wagtailimages",
        "image"
      ],
      [
        "choose_image",
        "wagtailimages",
        "image"
      ],
      [
        "delete_image",
        "wagtailimages",
        "image"
      ]
    ]
  }
},
{
  "model": "auth.group",
  "pk": 2,
  "fields": {
    "name": "Editors",
    "permissions": [
      [
        "access_admin",
        "wagtailadmin",
        "admin"
      ],
      [
        "add_document",
        "wagtaildocs",
        "document"
      ],
      [
        "change_document",
        "wagtaildocs",
        "document"
      ],
      [
        "choose_document",
        "wagtaildocs",
        "document"
      ],
      [
        "delete_document",
        "wagtaildocs",
        "document"
      ],
      [
        "add_image",
        "wagtailimages",
        "image"
      ],
      [
        "change_image",
        "wagtailimages",
        "image"
      ],
      [
        "choose_image",
        "wagtailimages",
        "image"
      ],
      [
        "delete_image",
        "wagtailimages",
        "image"
      ]
    ]
  }
},
{
  "model": "account.customuser",
  "pk": 1,
  "fields": {
    "password": "pbkdf2_sha256$720000$KmKnQqxWJU2WmIJf4VCEyG$0XZ9yQ2yDYHGAprjj4yshIaJ54nnVGjeUoK13BST8Es=",
    "last_login": "2025-01-18T13:00:19.245Z",
    "is_superuser": true,
    "username": "admin_artio",
    "first_name": "",
    "last_name": "",
    "email": "gabrielleazadian@gmail.com",
    "is_staff": true,
    "is_active": true,
    "date_joined": "2025-01-09T11:52:54.520Z",
    "groups": [],
    "user_permissions": []
  }
},
{
  "model": "contact.formpage",
  "pk": 4,
  "fields": {
    "to_address": "contact@artio-sports.com",
    "from_address": "contact@artio-sports.com",
    "subject": "formulaire de contact",
    "intro": "<p data-block-key=\"621me\">Veuillez remplir ce formulaire de contact afin que nous puissions répondre à toutes vos questions...</p>",
    "thank_you_text": "<p data-block-key=\"ze9oo\">Formulaire envoyé ! Nous vous contacterons au plus vite !</p>"
  }
},
{
  "model": "standardpages.mentionpage",
  "pk": 11,
  "fields": {
    "intro": "",
    "body": "<p data-block-key=\"6ccn8\">Mentions légales en vigueur au 01/01/205</p><p data-block-key=\"878rd\"><b>Conditions d&#x27;utilisation</b></p><p data-block-key=\"22qir\">L’utilisation du présent site implique l’acceptation pleine et entière des conditions générales d’utilisation décrites ci-après. Ces conditions d’utilisation sont susceptibles d’être modifiées ou complétées à tout moment.</p><p data-block-key=\"egt51\"></p><p data-block-key=\"1v7n3\"><b>Informations</b></p><p data-block-key=\"8a83r\">Les informations et documents du site sont présentés à titre indicatif, n’ont pas de caractère exhaustif, et ne peuvent engager la responsabilité du propriétaire du site. Le propriétaire du site ne peut être tenu responsable des dommages directs et indirects consécutifs à l’accès au site.</p><p data-block-key=\"8glig\"></p><p data-block-key=\"9md6u\"><b>Propriété intellectuelle</b></p><p data-block-key=\"14cmq\">Sauf mention contraire, tous les éléments accessibles sur le site (textes, images, graphismes, logo, icônes, sons, logiciels, etc.) restent la propriété exclusive de leurs auteurs, en ce qui concerne les droits de propriété intellectuelle ou les droits d’usage.</p><p data-block-key=\"2qmg7\">1- Toute reproduction, représentation, modification, publication, adaptation de tout ou partie des éléments du site, quel que soit le moyen ou le procédé utilisé, est interdite, sauf autorisation écrite préalable de l’auteur.</p><p data-block-key=\"46r4e\">2- 3- Toute exploitation non autorisée du site ou de l’un quelconque des éléments qu’il contient est considérée comme constitutive d’une contrefaçon et poursuivie.</p><p data-block-key=\"5moma\">4- Les marques et logos reproduits sur le site sont déposés par les sociétés qui en sont propriétaires.</p><p data-block-key=\"ffc89\"><b>Hébergeur</b></p><p data-block-key=\"3i63p\">Siret : 510 909 807 00032<br/>RCS Clermont Ferrand<br/>SAS au capital de 100 000€</p><p data-block-key=\"apo9h\">Opérateur Télécom déclaré ARCEP<br/>09/2989 – AS50474</p><p data-block-key=\"7t8br\">Marque déposée INPI : 09 3 645 279<br/>L’ensemble des éléments visuels et textuels de ce site fait l’objet d’un dépôt INPI-Soleau.</p><p data-block-key=\"dp8mm\"></p><p data-block-key=\"fmpik\"><b>Conception et développement du site</b></p><p data-block-key=\"dodtb\">Créée par Gabrielle Azadian.  </p><p data-block-key=\"89cmu\"></p><p data-block-key=\"8tvhl\"><b>Crédits</b></p><p data-block-key=\"7e84l\">Illustrations et logo réalisés par Gabrielle Azadian</p><p data-block-key=\"avt66\">Les photos et images proviennent du site de partage de photos Freepik et Envato</p>"
  }
},
{
  "model": "standardpages.policypage",
  "pk": 15,
  "fields": {
    "intro": "Politique de confidentialité",
    "body": "<p data-block-key=\"b1nr7\"><b>Politique de confidentialité et de traitement des données personnelles de Artio</b></p><p data-block-key=\"3bebo\">Nous pouvons collecter des données à caractère personnel vous concernant par l’intermédiaire de notre site Internet, de nos magasins ou de notre service commercial.</p><p data-block-key=\"d6lel\">Les données que nous collectons sont, selon les cas :</p><p data-block-key=\"7upg3\"><i>vos prénom et nom</i></p><p data-block-key=\"av3l\"><i>votre adresse email</i></p><p data-block-key=\"6ti7m\"><i>votre adresse de facturation et/ou de livraison</i></p><p data-block-key=\"60mse\"><i>votre numéro de téléphone</i></p><p data-block-key=\"5do2g\"><i>l’adresse IP de l’ordinateur depuis lequel vous vous connectez au site Internet de Artio.</i></p><p data-block-key=\"9ugd3\">Nous pouvons collecter vos données personnelles de plusieurs manières :</p><p data-block-key=\"4cpbf\"><i>Dans le cadre de la création, en ligne ou par l’intermédiaire de notre service commercial, de votre compte client;</i></p><p data-block-key=\"e43b0\"><i>Dans le cadre de la passation de commande;</i></p><p data-block-key=\"ectig\"><i>Quand vous contactez le service client, notamment pour une réclamation ;</i></p><p data-block-key=\"1cde8\"><i>Dans le cadre de votre navigation et utilisation de son site Internet, par l’intermédiaire de cookies tel que Google Analytics notamment .</i></p><p data-block-key=\"3488f\"></p><p data-block-key=\"329a8\">Nous pouvons collecter, stocker et traiter vos données personnelles et les regrouper avec d’autres données personnelles que vous avez pu être amené(e) à nous fournir précédemment par d’autres biais, pour les seules finalités suivantes :</p><p data-block-key=\"csc4l\"><i>communiquer avec les utilisateurs du Site,</i></p><p data-block-key=\"97k9s\"><i>exécuter la commande d’un client et gérer la relation client,</i></p><p data-block-key=\"18j48\"><i>effectuer des opérations de prospection commerciale par email et sur les réseaux sociaux.</i></p><p data-block-key=\"6p2n\"><i>Informer les clients de nos produits et services et personnaliser les produits proposés sur les réseaux sociaux</i></p><p data-block-key=\"6bkdi\"><i>analyser le trafic de notre site Internet.</i></p><p data-block-key=\"dqoqd\"><i>Le traitement de vos données personnelles est réalisé :</i></p><p data-block-key=\"85l28\"><i>soit sur la base de l’exécution d’une commande et la gestion de la relation client (passation de commande, achats, exercice de votre droit de rétractation, traitement de vos réclamations notamment);</i></p><p data-block-key=\"897hd\"><i>soit sur la base de l’exécution de mesures précontractuelles prises à votre demande (création du compte client) ;</i></p><p data-block-key=\"oi1u\"><i>soit sur la base de notre intérêt légitime (pour l’analyse du trafic ainsi qu’en matière d’opérations de prospection commerciale).</i></p><p data-block-key=\"u1dt\">La fourniture de vos données personnelles est nécessaire à la communication, à la conclusion ou/et l’exécution d’éventuels contrats avec vous.</p><p data-block-key=\"56br8\">Les données personnelles devant obligatoirement nous être communiquées à ce titre sont identifiées par un astérisque à côté du type de donnée concernée, lors de la création du compte client, lors de la passation de commande. La non-fourniture des données obligatoires nous empêchera de communiquer avec vous ou de conclure le contrat concerné.</p><p data-block-key=\"bc6ht\">Les destinataires de vos données sont :</p><p data-block-key=\"9rp7s\"><i>le personnel habilité du service marketing, du service commercial, des services chargés de traiter la relation client et la prospection, des services administratifs, des services logistiques et informatiques ainsi que leurs responsables hiérarchiques ;</i></p><p data-block-key=\"88s59\"><i>le personnel habilité des services chargés du contrôle (commissaire aux comptes, services chargés des procédures internes du contrôle…) ;</i></p><p data-block-key=\"dedbr\"><i>le personnel habilité des sous-traitants dès lors que le contrat signé entre les sous-traitants et Sessùn fait mention des obligations incombant aux sous-traitants en matière de protection de la sécurité et de la confidentialité des données  et précise notamment les objectifs de sécurité devant être atteints. </i></p><p data-block-key=\"51rsu\"><i>Les données personnelles collectées sont conservées pendant les durées suivantes :</i></p><p data-block-key=\"fp82a\"><i>s’agissant des personnes physiques clientes : 10 ans après la fin de la relation contractuelle avec le client concerné ;</i></p><p data-block-key=\"bqkno\"><i>s’agissant des prospects : 3 ans à compter de leur collecte ou de notre dernier contact avec vous.</i></p><p data-block-key=\"bf5kr\">Conformément à la règlementation applicable, vous pouvez demander des informations à tout moment sur vos données personnelles détenues par Artio, demander leur rectification, si elles sont inexactes ou incomplètes, leur effacement ou une limitation à leur traitement le cas échéant en vous adressant à <a href=\"mailto:contact@artio-sports.com\">contact@artio</a>.</p><p data-block-key=\"45bn6\"></p>"
  }
},
{
  "model": "home.homepage",
  "pk": 3,
  "fields": {
    "header_video": null,
    "body": "<p data-block-key=\"zrvr5\">Equipez-vous comme un champion avec notre gamme d&#x27;équipements pour les sports collectifs ! Des designs modernes et des tissus techniques pour vous assurer confort et performance. Nos maillots et tenues sont conçus pour résister aux exigences du jeu tout en vous offrant une liberté de mouvement optimal. Que vous soyez un joueur, un entraîneur ou un responsable d&#x27;équipe, notre équipement répondra à toutes vos attentes en matière de qualité, de durabilité et de performance.</p><p data-block-key=\"4i39h\">Nous utilisons la technique de sublimation comme procédé d&#x27;impression. <b>La sublimation</b> repose sur un <b>phénomène chimique</b> où une<b> encre spéciale</b> passe directement de <b>l&#x27;état solide</b> à <b>l&#x27;état gazeux</b> sous l&#x27;effet de la chaleur. Ce processus permet à l&#x27;encre de pénétrer directement dans les fibres du textile, assurant une impression durable et de haute qualité. Elle n&#x27;ajoute aucune épaisseur sur le vêtement,<b> l&#x27;impression fait partie intégrante du tissu</b>.</p><p data-block-key=\"5jesi\">Faites confiance à notre expertise pour vous accompagner vers la victoire à chaque match !</p>",
    "contact_cta": "Formulaire de contact",
    "contact_cta_link": 4,
    "mention_cta": "",
    "mention_cta_link": 11,
    "policy_cta": "",
    "policy_cta_link": 15
  }
},
{
  "model": "wagtailcore.pagesubscription",
  "pk": 1,
  "fields": {
    "user": [
      "admin_artio"
    ],
    "page": 3,
    "comment_notifications": false
  }
},
{
  "model": "wagtailcore.pagesubscription",
  "pk": 2,
  "fields": {
    "user": [
      "admin_artio"
    ],
    "page": 4,
    "comment_notifications": true
  }
},
{
  "model": "wagtailcore.pagesubscription",
  "pk": 8,
  "fields": {
    "user": [
      "admin_artio"
    ],
    "page": 11,
    "comment_notifications": true
  }
},
{
  "model": "wagtailcore.pagesubscription",
  "pk": 12,
  "fields": {
    "user": [
      "admin_artio"
    ],
    "page": 15,
    "comment_notifications": true
  }
},
{
  "model": "wagtailcore.pagelogentry",
  "pk": 1,
  "fields": {
    "content_type": [
      "home",
      "homepage"
    ],
    "label": "Home",
    "action": "wagtail.edit",
    "data": {},
    "timestamp": "2025-01-09T11:54:57.740Z",
    "uuid": "fdd50aab-6513-44cd-8a8b-42f865bbf537",
    "user": [
      "admin_artio"
    ],
    "revision": 1,
    "content_changed": true,
    "deleted": false,
    "page": 3
  }
},
{
  "model": "wagtailcore.pagelogentry",
  "pk": 2,
  "fields": {
    "content_type": [
      "home",
      "homepage"
    ],
    "label": "Home",
    "action": "wagtail.publish",
    "data": {},
    "timestamp": "2025-01-09T11:54:57.785Z",
    "uuid": "fdd50aab-6513-44cd-8a8b-42f865bbf537",
    "user": [
      "admin_artio"
    ],
    "revision": 1,
    "content_changed": true,
    "deleted": false,
    "page": 3
  }
},
{
  "model": "wagtailcore.pagelogentry",
  "pk": 3,
  "fields": {
    "content_type": [
      "contact",
      "formpage"
    ],
    "label": "Contact",
    "action": "wagtail.create",
    "data": {},
    "timestamp": "2025-01-09T11:56:37.281Z",
    "uuid": "7ffdac1b-5ee8-4a74-9bef-987dd8ee152f",
    "user": [
      "admin_artio"
    ],
    "revision": null,
    "content_changed": true,
    "deleted": false,
    "page": 4
  }
},
{
  "model": "wagtailcore.pagelogentry",
  "pk": 4,
  "fields": {
    "content_type": [
      "contact",
      "formpage"
    ],
    "label": "Contact",
    "action": "wagtail.edit",
    "data": {},
    "timestamp": "2025-01-09T11:56:37.315Z",
    "uuid": "7ffdac1b-5ee8-4a74-9bef-987dd8ee152f",
    "user": [
      "admin_artio"
    ],
    "revision": 2,
    "content_changed": true,
    "deleted": false,
    "page": 4
  }
},
{
  "model": "wagtailcore.pagelogentry",
  "pk": 5,
  "fields": {
    "content_type": [
      "contact",
      "formpage"
    ],
    "label": "Contact",
    "action": "wagtail.publish",
    "data": {},
    "timestamp": "2025-01-09T11:56:37.374Z",
    "uuid": "7ffdac1b-5ee8-4a74-9bef-987dd8ee152f",
    "user": [
      "admin_artio"
    ],
    "revision": 2,
    "content_changed": true,
    "deleted": false,
    "page": 4
  }
},
{
  "model": "wagtailcore.pagelogentry",
  "pk": 6,
  "fields": {
    "content_type": [
      "home",
      "homepage"
    ],
    "label": "Home",
    "action": "wagtail.edit",
    "data": {},
    "timestamp": "2025-01-09T13:12:23.636Z",
    "uuid": "5a1c16bc-5806-487b-9002-70c9bc8ed5b7",
    "user": [
      "admin_artio"
    ],
    "revision": 3,
    "content_changed": true,
    "deleted": false,
    "page": 3
  }
},
{
  "model": "wagtailcore.pagelogentry",
  "pk": 7,
  "fields": {
    "content_type": [
      "home",
      "homepage"
    ],
    "label": "Home",
    "action": "wagtail.publish",
    "data": {},
    "timestamp": "2025-01-09T13:12:23.694Z",
    "uuid": "5a1c16bc-5806-487b-9002-70c9bc8ed5b7",
    "user": [
      "admin_artio"
    ],
    "revision": 3,
    "content_changed": true,
    "deleted": false,
    "page": 3
  }
},
{
  "model": "wagtailcore.pagelogentry",
  "pk": 8,
  "fields": {
    "content_type": [
      "home",
      "mentionpage"
    ],
    "label": "Mentions legales",
    "action": "wagtail.create",
    "data": {},
    "timestamp": "2025-01-15T16:58:29.427Z",
    "uuid": "848a9118-82ff-4c9f-9d7b-f43092a9aafc",
    "user": [
      "admin_artio"
    ],
    "revision": null,
    "content_changed": true,
    "deleted": false,
    "page": 5
  }
},
{
  "model": "wagtailcore.pagelogentry",
  "pk": 9,
  "fields": {
    "content_type": [
      "home",
      "mentionpage"
    ],
    "label": "Mentions legales",
    "action": "wagtail.edit",
    "data": {},
    "timestamp": "2025-01-15T16:58:29.471Z",
    "uuid": "848a9118-82ff-4c9f-9d7b-f43092a9aafc",
    "user": [
      "admin_artio"
    ],
    "revision": 4,
    "content_changed": true,
    "deleted": false,
    "page": 5
  }
},
{
  "model": "wagtailcore.pagelogentry",
  "pk": 10,
  "fields": {
    "content_type": [
      "home",
      "mentionpage"
    ],
    "label": "Mentions legales",
    "action": "wagtail.publish",
    "data": {},
    "timestamp": "2025-01-15T16:58:29.524Z",
    "uuid": "848a9118-82ff-4c9f-9d7b-f43092a9aafc",
    "user": [
      "admin_artio"
    ],
    "revision": 4,
    "content_changed": true,
    "deleted": false,
    "page": 5
  }
},
{
  "model": "wagtailcore.pagelogentry",
  "pk": 11,
  "fields": {
    "content_type": [
      "home",
      "mentionpage"
    ],
    "label": "Mentions legales",
    "action": "wagtail.delete",
    "data": {},
    "timestamp": "2025-01-15T16:59:59.129Z",
    "uuid": "0a93745a-b28a-45df-ba7d-82d1a4fdb253",
    "user": [
      "admin_artio"
    ],
    "revision": null,
    "content_changed": false,
    "deleted": true,
    "page": 5
  }
},
{
  "model": "wagtailcore.pagelogentry",
  "pk": 12,
  "fields": {
    "content_type": [
      "home",
      "mentionpage"
    ],
    "label": "mention légales",
    "action": "wagtail.create",
    "data": {},
    "timestamp": "2025-01-15T17:15:53.805Z",
    "uuid": "37ca51a1-5f9f-4c18-a015-5dbf0cdf21da",
    "user": [
      "admin_artio"
    ],
    "revision": null,
    "content_changed": true,
    "deleted": false,
    "page": 6
  }
},
{
  "model": "wagtailcore.pagelogentry",
  "pk": 13,
  "fields": {
    "content_type": [
      "home",
      "mentionpage"
    ],
    "label": "mention légales",
    "action": "wagtail.edit",
    "data": {},
    "timestamp": "2025-01-15T17:15:53.834Z",
    "uuid": "37ca51a1-5f9f-4c18-a015-5dbf0cdf21da",
    "user": [
      "admin_artio"
    ],
    "revision": 5,
    "content_changed": true,
    "deleted": false,
    "page": 6
  }
},
{
  "model": "wagtailcore.pagelogentry",
  "pk": 14,
  "fields": {
    "content_type": [
      "home",
      "mentionpage"
    ],
    "label": "mention légales",
    "action": "wagtail.publish",
    "data": {},
    "timestamp": "2025-01-15T17:15:53.883Z",
    "uuid": "37ca51a1-5f9f-4c18-a015-5dbf0cdf21da",
    "user": [
      "admin_artio"
    ],
    "revision": 5,
    "content_changed": true,
    "deleted": false,
    "page": 6
  }
},
{
  "model": "wagtailcore.pagelogentry",
  "pk": 15,
  "fields": {
    "content_type": [
      "home",
      "homepage"
    ],
    "label": "Home",
    "action": "wagtail.edit",
    "data": {},
    "timestamp": "2025-01-15T17:19:54.447Z",
    "uuid": "b9f96ed3-9d27-4c03-a08e-9ca4583cb866",
    "user": [
      "admin_artio"
    ],
    "revision": 6,
    "content_changed": true,
    "deleted": false,
    "page": 3
  }
},
{
  "model": "wagtailcore.pagelogentry",
  "pk": 16,
  "fields": {
    "content_type": [
      "home",
      "homepage"
    ],
    "label": "Home",
    "action": "wagtail.publish",
    "data": {},
    "timestamp": "2025-01-15T17:19:54.509Z",
    "uuid": "b9f96ed3-9d27-4c03-a08e-9ca4583cb866",
    "user": [
      "admin_artio"
    ],
    "revision": 6,
    "content_changed": true,
    "deleted": false,
    "page": 3
  }
},
{
  "model": "wagtailcore.pagelogentry",
  "pk": 17,
  "fields": {
    "content_type": [
      "home",
      "mentionpage"
    ],
    "label": "mention légales",
    "action": "wagtail.delete",
    "data": {},
    "timestamp": "2025-01-16T10:38:56.506Z",
    "uuid": "418a2283-8ba7-40a4-840d-243666a17050",
    "user": [
      "admin_artio"
    ],
    "revision": null,
    "content_changed": false,
    "deleted": true,
    "page": 6
  }
},
{
  "model": "wagtailcore.pagelogentry",
  "pk": 18,
  "fields": {
    "content_type": [
      "home",
      "mentionpage"
    ],
    "label": "mentions légales",
    "action": "wagtail.create",
    "data": {},
    "timestamp": "2025-01-16T10:44:56.700Z",
    "uuid": "1cba05a7-f637-441d-830c-c3c84523ab55",
    "user": [
      "admin_artio"
    ],
    "revision": null,
    "content_changed": true,
    "deleted": false,
    "page": 8
  }
},
{
  "model": "wagtailcore.pagelogentry",
  "pk": 19,
  "fields": {
    "content_type": [
      "home",
      "mentionpage"
    ],
    "label": "mentions légales",
    "action": "wagtail.edit",
    "data": {},
    "timestamp": "2025-01-16T10:44:56.731Z",
    "uuid": "1cba05a7-f637-441d-830c-c3c84523ab55",
    "user": [
      "admin_artio"
    ],
    "revision": 7,
    "content_changed": true,
    "deleted": false,
    "page": 8
  }
},
{
  "model": "wagtailcore.pagelogentry",
  "pk": 20,
  "fields": {
    "content_type": [
      "home",
      "mentionpage"
    ],
    "label": "mentions légales",
    "action": "wagtail.publish",
    "data": {},
    "timestamp": "2025-01-16T10:44:56.775Z",
    "uuid": "1cba05a7-f637-441d-830c-c3c84523ab55",
    "user": [
      "admin_artio"
    ],
    "revision": 7,
    "content_changed": true,
    "deleted": false,
    "page": 8
  }
},
{
  "model": "wagtailcore.pagelogentry",
  "pk": 21,
  "fields": {
    "content_type": [
      "home",
      "homepage"
    ],
    "label": "Home",
    "action": "wagtail.edit",
    "data": {},
    "timestamp": "2025-01-16T10:46:03.823Z",
    "uuid": "a803e5ca-846f-4bca-bf2d-065c1b61ea62",
    "user": [
      "admin_artio"
    ],
    "revision": 8,
    "content_changed": true,
    "deleted": false,
    "page": 3
  }
},
{
  "model": "wagtailcore.pagelogentry",
  "pk": 22,
  "fields": {
    "content_type": [
      "home",
      "homepage"
    ],
    "label": "Home",
    "action": "wagtail.publish",
    "data": {},
    "timestamp": "2025-01-16T10:46:03.875Z",
    "uuid": "a803e5ca-846f-4bca-bf2d-065c1b61ea62",
    "user": [
      "admin_artio"
    ],
    "revision": 8,
    "content_changed": true,
    "deleted": false,
    "page": 3
  }
},
{
  "model": "wagtailcore.pagelogentry",
  "pk": 23,
  "fields": {
    "content_type": [
      "wagtailcore",
      "page"
    ],
    "label": "mentions légales",
    "action": "wagtail.delete",
    "data": {},
    "timestamp": "2025-01-16T12:15:08.253Z",
    "uuid": "4806f054-48ee-4a55-858f-923af4d8896a",
    "user": [
      "admin_artio"
    ],
    "revision": null,
    "content_changed": false,
    "deleted": true,
    "page": 8
  }
},
{
  "model": "wagtailcore.pagelogentry",
  "pk": 24,
  "fields": {
    "content_type": [
      "standardpages",
      "mentionpage"
    ],
    "label": "mention",
    "action": "wagtail.create",
    "data": {},
    "timestamp": "2025-01-16T12:17:56.885Z",
    "uuid": "65a6d4c8-2755-45a5-983d-24e8f0fc80a6",
    "user": [
      "admin_artio"
    ],
    "revision": null,
    "content_changed": true,
    "deleted": false,
    "page": 9
  }
},
{
  "model": "wagtailcore.pagelogentry",
  "pk": 25,
  "fields": {
    "content_type": [
      "standardpages",
      "mentionpage"
    ],
    "label": "mention",
    "action": "wagtail.edit",
    "data": {},
    "timestamp": "2025-01-16T12:17:56.914Z",
    "uuid": "65a6d4c8-2755-45a5-983d-24e8f0fc80a6",
    "user": [
      "admin_artio"
    ],
    "revision": 9,
    "content_changed": true,
    "deleted": false,
    "page": 9
  }
},
{
  "model": "wagtailcore.pagelogentry",
  "pk": 26,
  "fields": {
    "content_type": [
      "standardpages",
      "mentionpage"
    ],
    "label": "mention",
    "action": "wagtail.publish",
    "data": {},
    "timestamp": "2025-01-16T12:17:56.954Z",
    "uuid": "65a6d4c8-2755-45a5-983d-24e8f0fc80a6",
    "user": [
      "admin_artio"
    ],
    "revision": 9,
    "content_changed": true,
    "deleted": false,
    "page": 9
  }
},
{
  "model": "wagtailcore.pagelogentry",
  "pk": 27,
  "fields": {
    "content_type": [
      "home",
      "homepage"
    ],
    "label": "Home",
    "action": "wagtail.edit",
    "data": {},
    "timestamp": "2025-01-16T14:42:35.771Z",
    "uuid": "f7ae04c4-c259-4a84-a18d-accb8226c166",
    "user": [
      "admin_artio"
    ],
    "revision": 10,
    "content_changed": true,
    "deleted": false,
    "page": 3
  }
},
{
  "model": "wagtailcore.pagelogentry",
  "pk": 28,
  "fields": {
    "content_type": [
      "home",
      "homepage"
    ],
    "label": "Home",
    "action": "wagtail.publish",
    "data": {},
    "timestamp": "2025-01-16T14:42:35.826Z",
    "uuid": "f7ae04c4-c259-4a84-a18d-accb8226c166",
    "user": [
      "admin_artio"
    ],
    "revision": 10,
    "content_changed": true,
    "deleted": false,
    "page": 3
  }
},
{
  "model": "wagtailcore.pagelogentry",
  "pk": 29,
  "fields": {
    "content_type": [
      "standardpages",
      "mentionpage"
    ],
    "label": "mention",
    "action": "wagtail.delete",
    "data": {},
    "timestamp": "2025-01-16T15:02:45.444Z",
    "uuid": "4bab9e0f-5241-4387-8601-f2da750cd944",
    "user": [
      "admin_artio"
    ],
    "revision": null,
    "content_changed": false,
    "deleted": true,
    "page": 9
  }
},
{
  "model": "wagtailcore.pagelogentry",
  "pk": 30,
  "fields": {
    "content_type": [
      "standardpages",
      "mentionpage"
    ],
    "label": "mention",
    "action": "wagtail.create",
    "data": {},
    "timestamp": "2025-01-16T15:03:16.973Z",
    "uuid": "25438afa-64c7-4c25-99fc-c4a85ad16656",
    "user": [
      "admin_artio"
    ],
    "revision": null,
    "content_changed": true,
    "deleted": false,
    "page": 10
  }
},
{
  "model": "wagtailcore.pagelogentry",
  "pk": 31,
  "fields": {
    "content_type": [
      "standardpages",
      "mentionpage"
    ],
    "label": "mention",
    "action": "wagtail.edit",
    "data": {},
    "timestamp": "2025-01-16T15:03:17.002Z",
    "uuid": "25438afa-64c7-4c25-99fc-c4a85ad16656",
    "user": [
      "admin_artio"
    ],
    "revision": 11,
    "content_changed": true,
    "deleted": false,
    "page": 10
  }
},
{
  "model": "wagtailcore.pagelogentry",
  "pk": 32,
  "fields": {
    "content_type": [
      "standardpages",
      "mentionpage"
    ],
    "label": "mention",
    "action": "wagtail.publish",
    "data": {},
    "timestamp": "2025-01-16T15:03:17.054Z",
    "uuid": "25438afa-64c7-4c25-99fc-c4a85ad16656",
    "user": [
      "admin_artio"
    ],
    "revision": 11,
    "content_changed": true,
    "deleted": false,
    "page": 10
  }
},
{
  "model": "wagtailcore.pagelogentry",
  "pk": 33,
  "fields": {
    "content_type": [
      "standardpages",
      "mentionpage"
    ],
    "label": "mentions_legales",
    "action": "wagtail.create",
    "data": {},
    "timestamp": "2025-01-16T15:09:45.913Z",
    "uuid": "5a6c46c4-f6a6-474c-8e61-639d05a622b0",
    "user": [
      "admin_artio"
    ],
    "revision": null,
    "content_changed": true,
    "deleted": false,
    "page": 11
  }
},
{
  "model": "wagtailcore.pagelogentry",
  "pk": 34,
  "fields": {
    "content_type": [
      "standardpages",
      "mentionpage"
    ],
    "label": "mentions_legales",
    "action": "wagtail.edit",
    "data": {},
    "timestamp": "2025-01-16T15:09:45.940Z",
    "uuid": "5a6c46c4-f6a6-474c-8e61-639d05a622b0",
    "user": [
      "admin_artio"
    ],
    "revision": 12,
    "content_changed": true,
    "deleted": false,
    "page": 11
  }
},
{
  "model": "wagtailcore.pagelogentry",
  "pk": 35,
  "fields": {
    "content_type": [
      "standardpages",
      "mentionpage"
    ],
    "label": "mentions_legales",
    "action": "wagtail.edit",
    "data": {},
    "timestamp": "2025-01-16T15:09:53.813Z",
    "uuid": "d69975fc-ab1a-4953-8afa-c5f135c98117",
    "user": [
      "admin_artio"
    ],
    "revision": 13,
    "content_changed": true,
    "deleted": false,
    "page": 11
  }
},
{
  "model": "wagtailcore.pagelogentry",
  "pk": 36,
  "fields": {
    "content_type": [
      "standardpages",
      "mentionpage"
    ],
    "label": "mentions_legales",
    "action": "wagtail.publish",
    "data": {},
    "timestamp": "2025-01-16T15:09:53.859Z",
    "uuid": "d69975fc-ab1a-4953-8afa-c5f135c98117",
    "user": [
      "admin_artio"
    ],
    "revision": 13,
    "content_changed": false,
    "deleted": false,
    "page": 11
  }
},
{
  "model": "wagtailcore.pagelogentry",
  "pk": 37,
  "fields": {
    "content_type": [
      "standardpages",
      "mentionpage"
    ],
    "label": "mentions_legales",
    "action": "wagtail.edit",
    "data": {},
    "timestamp": "2025-01-16T15:10:53.797Z",
    "uuid": "5d24efdc-6a38-4fef-a242-3a6c4d067313",
    "user": [
      "admin_artio"
    ],
    "revision": 14,
    "content_changed": true,
    "deleted": false,
    "page": 11
  }
},
{
  "model": "wagtailcore.pagelogentry",
  "pk": 38,
  "fields": {
    "content_type": [
      "standardpages",
      "mentionpage"
    ],
    "label": "mentions_legales",
    "action": "wagtail.publish",
    "data": {},
    "timestamp": "2025-01-16T15:10:53.850Z",
    "uuid": "5d24efdc-6a38-4fef-a242-3a6c4d067313",
    "user": [
      "admin_artio"
    ],
    "revision": 14,
    "content_changed": true,
    "deleted": false,
    "page": 11
  }
},
{
  "model": "wagtailcore.pagelogentry",
  "pk": 39,
  "fields": {
    "content_type": [
      "standardpages",
      "mentionpage"
    ],
    "label": "mentions_legales",
    "action": "wagtail.edit",
    "data": {},
    "timestamp": "2025-01-16T15:11:07.545Z",
    "uuid": "cef7965e-cb14-4f02-a5c6-0180a4c11a27",
    "user": [
      "admin_artio"
    ],
    "revision": 15,
    "content_changed": true,
    "deleted": false,
    "page": 11
  }
},
{
  "model": "wagtailcore.pagelogentry",
  "pk": 40,
  "fields": {
    "content_type": [
      "standardpages",
      "mentionpage"
    ],
    "label": "mentions_legales",
    "action": "wagtail.edit",
    "data": {},
    "timestamp": "2025-01-16T15:11:33.485Z",
    "uuid": "3db44999-1a21-4bbc-a21f-89419a02a79a",
    "user": [
      "admin_artio"
    ],
    "revision": 16,
    "content_changed": true,
    "deleted": false,
    "page": 11
  }
},
{
  "model": "wagtailcore.pagelogentry",
  "pk": 41,
  "fields": {
    "content_type": [
      "standardpages",
      "mentionpage"
    ],
    "label": "mentions_legales",
    "action": "wagtail.publish",
    "data": {},
    "timestamp": "2025-01-16T15:11:33.529Z",
    "uuid": "3db44999-1a21-4bbc-a21f-89419a02a79a",
    "user": [
      "admin_artio"
    ],
    "revision": 16,
    "content_changed": true,
    "deleted": false,
    "page": 11
  }
},
{
  "model": "wagtailcore.pagelogentry",
  "pk": 42,
  "fields": {
    "content_type": [
      "standardpages",
      "mentionpage"
    ],
    "label": "mentions_legales",
    "action": "wagtail.edit",
    "data": {},
    "timestamp": "2025-01-16T15:15:37.597Z",
    "uuid": "373b9315-b541-4051-bc0f-b024a97a5c86",
    "user": [
      "admin_artio"
    ],
    "revision": 17,
    "content_changed": true,
    "deleted": false,
    "page": 11
  }
},
{
  "model": "wagtailcore.pagelogentry",
  "pk": 43,
  "fields": {
    "content_type": [
      "standardpages",
      "mentionpage"
    ],
    "label": "mentions_legales",
    "action": "wagtail.publish",
    "data": {},
    "timestamp": "2025-01-16T15:15:37.649Z",
    "uuid": "373b9315-b541-4051-bc0f-b024a97a5c86",
    "user": [
      "admin_artio"
    ],
    "revision": 17,
    "content_changed": true,
    "deleted": false,
    "page": 11
  }
},
{
  "model": "wagtailcore.pagelogentry",
  "pk": 44,
  "fields": {
    "content_type": [
      "standardpages",
      "mentionpage"
    ],
    "label": "mention",
    "action": "wagtail.delete",
    "data": {},
    "timestamp": "2025-01-16T15:33:08.539Z",
    "uuid": "f22b5dc1-1437-41a8-ae1d-766a34ea9ca8",
    "user": [
      "admin_artio"
    ],
    "revision": null,
    "content_changed": false,
    "deleted": true,
    "page": 10
  }
},
{
  "model": "wagtailcore.pagelogentry",
  "pk": 45,
  "fields": {
    "content_type": [
      "standardpages",
      "mentionpage"
    ],
    "label": "mentions_legales",
    "action": "wagtail.edit",
    "data": {},
    "timestamp": "2025-01-16T15:33:21.944Z",
    "uuid": "faf897d6-4b2a-4f62-9b7a-e711d0d1d66e",
    "user": [
      "admin_artio"
    ],
    "revision": 18,
    "content_changed": true,
    "deleted": false,
    "page": 11
  }
},
{
  "model": "wagtailcore.pagelogentry",
  "pk": 46,
  "fields": {
    "content_type": [
      "standardpages",
      "mentionpage"
    ],
    "label": "mentions légales",
    "action": "wagtail.rename",
    "data": {
      "title": {
        "new": "mentions légales",
        "old": "mentions_legales"
      }
    },
    "timestamp": "2025-01-16T15:33:21.998Z",
    "uuid": "faf897d6-4b2a-4f62-9b7a-e711d0d1d66e",
    "user": [
      "admin_artio"
    ],
    "revision": 18,
    "content_changed": false,
    "deleted": false,
    "page": 11
  }
},
{
  "model": "wagtailcore.pagelogentry",
  "pk": 47,
  "fields": {
    "content_type": [
      "standardpages",
      "mentionpage"
    ],
    "label": "mentions légales",
    "action": "wagtail.publish",
    "data": {
      "title": {
        "new": "mentions légales",
        "old": "mentions_legales"
      }
    },
    "timestamp": "2025-01-16T15:33:22.003Z",
    "uuid": "faf897d6-4b2a-4f62-9b7a-e711d0d1d66e",
    "user": [
      "admin_artio"
    ],
    "revision": 18,
    "content_changed": true,
    "deleted": false,
    "page": 11
  }
},
{
  "model": "wagtailcore.pagelogentry",
  "pk": 48,
  "fields": {
    "content_type": [
      "standardpages",
      "mentionpage"
    ],
    "label": "mentions légales",
    "action": "wagtail.edit",
    "data": {},
    "timestamp": "2025-01-16T15:34:14.637Z",
    "uuid": "941984b8-a578-4b3c-8a6f-315ad03fb27f",
    "user": [
      "admin_artio"
    ],
    "revision": 19,
    "content_changed": true,
    "deleted": false,
    "page": 11
  }
},
{
  "model": "wagtailcore.pagelogentry",
  "pk": 49,
  "fields": {
    "content_type": [
      "standardpages",
      "mentionpage"
    ],
    "label": "Mentions légales",
    "action": "wagtail.rename",
    "data": {
      "title": {
        "new": "Mentions légales",
        "old": "mentions légales"
      }
    },
    "timestamp": "2025-01-16T15:34:14.712Z",
    "uuid": "941984b8-a578-4b3c-8a6f-315ad03fb27f",
    "user": [
      "admin_artio"
    ],
    "revision": 19,
    "content_changed": false,
    "deleted": false,
    "page": 11
  }
},
{
  "model": "wagtailcore.pagelogentry",
  "pk": 50,
  "fields": {
    "content_type": [
      "standardpages",
      "mentionpage"
    ],
    "label": "Mentions légales",
    "action": "wagtail.publish",
    "data": {
      "title": {
        "new": "Mentions légales",
        "old": "mentions légales"
      }
    },
    "timestamp": "2025-01-16T15:34:14.718Z",
    "uuid": "941984b8-a578-4b3c-8a6f-315ad03fb27f",
    "user": [
      "admin_artio"
    ],
    "revision": 19,
    "content_changed": true,
    "deleted": false,
    "page": 11
  }
},
{
  "model": "wagtailcore.pagelogentry",
  "pk": 51,
  "fields": {
    "content_type": [
      "home",
      "homepage"
    ],
    "label": "Home",
    "action": "wagtail.edit",
    "data": {},
    "timestamp": "2025-01-16T18:32:33.518Z",
    "uuid": "16529fd7-064d-432a-a3a1-9cb05c02318e",
    "user": [
      "admin_artio"
    ],
    "revision": 20,
    "content_changed": true,
    "deleted": false,
    "page": 3
  }
},
{
  "model": "wagtailcore.pagelogentry",
  "pk": 52,
  "fields": {
    "content_type": [
      "home",
      "homepage"
    ],
    "label": "Home",
    "action": "wagtail.publish",
    "data": {},
    "timestamp": "2025-01-16T18:32:33.575Z",
    "uuid": "16529fd7-064d-432a-a3a1-9cb05c02318e",
    "user": [
      "admin_artio"
    ],
    "revision": 20,
    "content_changed": true,
    "deleted": false,
    "page": 3
  }
},
{
  "model": "wagtailcore.pagelogentry",
  "pk": 53,
  "fields": {
    "content_type": [
      "standardpages",
      "mentionpage"
    ],
    "label": "Mention légales",
    "action": "wagtail.create",
    "data": {},
    "timestamp": "2025-01-16T18:43:55.531Z",
    "uuid": "af403fcb-7e7d-451d-83d7-f520f4261f82",
    "user": [
      "admin_artio"
    ],
    "revision": null,
    "content_changed": true,
    "deleted": false,
    "page": 12
  }
},
{
  "model": "wagtailcore.pagelogentry",
  "pk": 54,
  "fields": {
    "content_type": [
      "standardpages",
      "mentionpage"
    ],
    "label": "Mention légales",
    "action": "wagtail.edit",
    "data": {},
    "timestamp": "2025-01-16T18:43:55.561Z",
    "uuid": "af403fcb-7e7d-451d-83d7-f520f4261f82",
    "user": [
      "admin_artio"
    ],
    "revision": 21,
    "content_changed": true,
    "deleted": false,
    "page": 12
  }
},
{
  "model": "wagtailcore.pagelogentry",
  "pk": 55,
  "fields": {
    "content_type": [
      "standardpages",
      "mentionpage"
    ],
    "label": "Mention légales",
    "action": "wagtail.publish",
    "data": {},
    "timestamp": "2025-01-16T18:43:55.609Z",
    "uuid": "af403fcb-7e7d-451d-83d7-f520f4261f82",
    "user": [
      "admin_artio"
    ],
    "revision": 21,
    "content_changed": true,
    "deleted": false,
    "page": 12
  }
},
{
  "model": "wagtailcore.pagelogentry",
  "pk": 56,
  "fields": {
    "content_type": [
      "standardpages",
      "mentionpage"
    ],
    "label": "Mention légales",
    "action": "wagtail.delete",
    "data": {},
    "timestamp": "2025-01-17T13:02:13.798Z",
    "uuid": "3124cb23-6770-4da4-ab80-c3f6f4e18bad",
    "user": [
      "admin_artio"
    ],
    "revision": null,
    "content_changed": false,
    "deleted": true,
    "page": 12
  }
},
{
  "model": "wagtailcore.pagelogentry",
  "pk": 57,
  "fields": {
    "content_type": [
      "home",
      "homepage"
    ],
    "label": "Home",
    "action": "wagtail.edit",
    "data": {},
    "timestamp": "2025-01-17T17:02:26.304Z",
    "uuid": "e6ceb8e8-2c8d-4f27-a86f-f83429663a70",
    "user": [
      "admin_artio"
    ],
    "revision": 29,
    "content_changed": true,
    "deleted": false,
    "page": 3
  }
},
{
  "model": "wagtailcore.pagelogentry",
  "pk": 58,
  "fields": {
    "content_type": [
      "home",
      "homepage"
    ],
    "label": "Home",
    "action": "wagtail.publish",
    "data": {},
    "timestamp": "2025-01-17T17:02:26.371Z",
    "uuid": "e6ceb8e8-2c8d-4f27-a86f-f83429663a70",
    "user": [
      "admin_artio"
    ],
    "revision": 29,
    "content_changed": true,
    "deleted": false,
    "page": 3
  }
},
{
  "model": "wagtailcore.pagelogentry",
  "pk": 59,
  "fields": {
    "content_type": [
      "standardpages",
      "mentionpage"
    ],
    "label": "Mentions légales",
    "action": "wagtail.edit",
    "data": {},
    "timestamp": "2025-01-18T13:06:32.236Z",
    "uuid": "8ebd9d74-0077-4644-a28d-bfb2c88ac9cd",
    "user": [
      "admin_artio"
    ],
    "revision": 32,
    "content_changed": true,
    "deleted": false,
    "page": 11
  }
},
{
  "model": "wagtailcore.pagelogentry",
  "pk": 60,
  "fields": {
    "content_type": [
      "standardpages",
      "mentionpage"
    ],
    "label": "Mentions légales",
    "action": "wagtail.publish",
    "data": {},
    "timestamp": "2025-01-18T13:06:32.302Z",
    "uuid": "8ebd9d74-0077-4644-a28d-bfb2c88ac9cd",
    "user": [
      "admin_artio"
    ],
    "revision": 32,
    "content_changed": true,
    "deleted": false,
    "page": 11
  }
},
{
  "model": "wagtailcore.pagelogentry",
  "pk": 61,
  "fields": {
    "content_type": [
      "standardpages",
      "mentionpage"
    ],
    "label": "Mentions légales",
    "action": "wagtail.edit",
    "data": {},
    "timestamp": "2025-01-18T13:12:45.674Z",
    "uuid": "826c71a5-b364-4fcd-b22e-9fabf3c5cdc4",
    "user": [
      "admin_artio"
    ],
    "revision": 33,
    "content_changed": true,
    "deleted": false,
    "page": 11
  }
},
{
  "model": "wagtailcore.pagelogentry",
  "pk": 62,
  "fields": {
    "content_type": [
      "standardpages",
      "mentionpage"
    ],
    "label": "Mentions légales",
    "action": "wagtail.publish",
    "data": {},
    "timestamp": "2025-01-18T13:12:45.724Z",
    "uuid": "826c71a5-b364-4fcd-b22e-9fabf3c5cdc4",
    "user": [
      "admin_artio"
    ],
    "revision": 33,
    "content_changed": true,
    "deleted": false,
    "page": 11
  }
},
{
  "model": "wagtailcore.pagelogentry",
  "pk": 63,
  "fields": {
    "content_type": [
      "standardpages",
      "mentionpage"
    ],
    "label": "Mentions légales",
    "action": "wagtail.edit",
    "data": {},
    "timestamp": "2025-01-18T13:15:17.842Z",
    "uuid": "e353030f-0361-4bee-a640-be4121177b91",
    "user": [
      "admin_artio"
    ],
    "revision": 34,
    "content_changed": true,
    "deleted": false,
    "page": 11
  }
},
{
  "model": "wagtailcore.pagelogentry",
  "pk": 64,
  "fields": {
    "content_type": [
      "standardpages",
      "mentionpage"
    ],
    "label": "Mentions légales",
    "action": "wagtail.publish",
    "data": {},
    "timestamp": "2025-01-18T13:15:17.896Z",
    "uuid": "e353030f-0361-4bee-a640-be4121177b91",
    "user": [
      "admin_artio"
    ],
    "revision": 34,
    "content_changed": true,
    "deleted": false,
    "page": 11
  }
},
{
  "model": "wagtailcore.pagelogentry",
  "pk": 65,
  "fields": {
    "content_type": [
      "standardpages",
      "mentionpage"
    ],
    "label": "Mentions légales",
    "action": "wagtail.edit",
    "data": {},
    "timestamp": "2025-01-18T14:29:48.985Z",
    "uuid": "1a981c75-cb03-48b1-a66f-590db4f49d73",
    "user": [
      "admin_artio"
    ],
    "revision": 35,
    "content_changed": true,
    "deleted": false,
    "page": 11
  }
},
{
  "model": "wagtailcore.pagelogentry",
  "pk": 66,
  "fields": {
    "content_type": [
      "standardpages",
      "mentionpage"
    ],
    "label": "Mentions légales",
    "action": "wagtail.publish",
    "data": {},
    "timestamp": "2025-01-18T14:29:49.098Z",
    "uuid": "1a981c75-cb03-48b1-a66f-590db4f49d73",
    "user": [
      "admin_artio"
    ],
    "revision": 35,
    "content_changed": true,
    "deleted": false,
    "page": 11
  }
},
{
  "model": "wagtailcore.pagelogentry",
  "pk": 67,
  "fields": {
    "content_type": [
      "standardpages",
      "mentionpage"
    ],
    "label": "Mentions légales",
    "action": "wagtail.edit",
    "data": {},
    "timestamp": "2025-01-18T14:30:18.303Z",
    "uuid": "13a932da-456f-4d54-8b33-77f7358d9aea",
    "user": [
      "admin_artio"
    ],
    "revision": 36,
    "content_changed": true,
    "deleted": false,
    "page": 11
  }
},
{
  "model": "wagtailcore.pagelogentry",
  "pk": 68,
  "fields": {
    "content_type": [
      "standardpages",
      "mentionpage"
    ],
    "label": "Mentions légales",
    "action": "wagtail.publish",
    "data": {},
    "timestamp": "2025-01-18T14:30:18.359Z",
    "uuid": "13a932da-456f-4d54-8b33-77f7358d9aea",
    "user": [
      "admin_artio"
    ],
    "revision": 36,
    "content_changed": true,
    "deleted": false,
    "page": 11
  }
},
{
  "model": "wagtailcore.pagelogentry",
  "pk": 69,
  "fields": {
    "content_type": [
      "standardpages",
      "mentionpage"
    ],
    "label": "Mentions légales",
    "action": "wagtail.edit",
    "data": {},
    "timestamp": "2025-01-18T14:32:57.332Z",
    "uuid": "abd552e7-35c0-4277-b1d0-0261ca349964",
    "user": [
      "admin_artio"
    ],
    "revision": 37,
    "content_changed": true,
    "deleted": false,
    "page": 11
  }
},
{
  "model": "wagtailcore.pagelogentry",
  "pk": 70,
  "fields": {
    "content_type": [
      "standardpages",
      "mentionpage"
    ],
    "label": "Mentions légales",
    "action": "wagtail.publish",
    "data": {},
    "timestamp": "2025-01-18T14:32:57.388Z",
    "uuid": "abd552e7-35c0-4277-b1d0-0261ca349964",
    "user": [
      "admin_artio"
    ],
    "revision": 37,
    "content_changed": true,
    "deleted": false,
    "page": 11
  }
},
{
  "model": "wagtailcore.pagelogentry",
  "pk": 71,
  "fields": {
    "content_type": [
      "standardpages",
      "mentionpage"
    ],
    "label": "Mentions légales",
    "action": "wagtail.edit",
    "data": {},
    "timestamp": "2025-01-18T14:45:17.883Z",
    "uuid": "fa570457-048f-437d-9871-37a1815e6a06",
    "user": [
      "admin_artio"
    ],
    "revision": 38,
    "content_changed": true,
    "deleted": false,
    "page": 11
  }
},
{
  "model": "wagtailcore.pagelogentry",
  "pk": 72,
  "fields": {
    "content_type": [
      "standardpages",
      "mentionpage"
    ],
    "label": "Mentions légales",
    "action": "wagtail.publish",
    "data": {},
    "timestamp": "2025-01-18T14:45:17.939Z",
    "uuid": "fa570457-048f-437d-9871-37a1815e6a06",
    "user": [
      "admin_artio"
    ],
    "revision": 38,
    "content_changed": true,
    "deleted": false,
    "page": 11
  }
},
{
  "model": "wagtailcore.pagelogentry",
  "pk": 73,
  "fields": {
    "content_type": [
      "standardpages",
      "mentionpage"
    ],
    "label": "Politique de confidentialité et de traitement des données personnelles de Artio",
    "action": "wagtail.create",
    "data": {},
    "timestamp": "2025-01-18T14:51:49.262Z",
    "uuid": "20bcb722-acea-409a-8c69-0c444488d1a0",
    "user": [
      "admin_artio"
    ],
    "revision": null,
    "content_changed": true,
    "deleted": false,
    "page": 13
  }
},
{
  "model": "wagtailcore.pagelogentry",
  "pk": 74,
  "fields": {
    "content_type": [
      "standardpages",
      "mentionpage"
    ],
    "label": "Politique de confidentialité et de traitement des données personnelles de Artio",
    "action": "wagtail.edit",
    "data": {},
    "timestamp": "2025-01-18T14:51:49.301Z",
    "uuid": "20bcb722-acea-409a-8c69-0c444488d1a0",
    "user": [
      "admin_artio"
    ],
    "revision": 39,
    "content_changed": true,
    "deleted": false,
    "page": 13
  }
},
{
  "model": "wagtailcore.pagelogentry",
  "pk": 75,
  "fields": {
    "content_type": [
      "standardpages",
      "mentionpage"
    ],
    "label": "Politique de confidentialité et de traitement des données personnelles de Artio",
    "action": "wagtail.publish",
    "data": {},
    "timestamp": "2025-01-18T14:51:49.355Z",
    "uuid": "20bcb722-acea-409a-8c69-0c444488d1a0",
    "user": [
      "admin_artio"
    ],
    "revision": 39,
    "content_changed": true,
    "deleted": false,
    "page": 13
  }
},
{
  "model": "wagtailcore.pagelogentry",
  "pk": 76,
  "fields": {
    "content_type": [
      "standardpages",
      "policypage"
    ],
    "label": "Politique de confidentialité et de traitement des données personnelles de Artio",
    "action": "wagtail.create",
    "data": {},
    "timestamp": "2025-01-18T14:56:56.119Z",
    "uuid": "02cac2b9-42f1-4867-999c-20e0464763d9",
    "user": [
      "admin_artio"
    ],
    "revision": null,
    "content_changed": true,
    "deleted": false,
    "page": 14
  }
},
{
  "model": "wagtailcore.pagelogentry",
  "pk": 77,
  "fields": {
    "content_type": [
      "standardpages",
      "policypage"
    ],
    "label": "Politique de confidentialité et de traitement des données personnelles de Artio",
    "action": "wagtail.edit",
    "data": {},
    "timestamp": "2025-01-18T14:56:56.151Z",
    "uuid": "02cac2b9-42f1-4867-999c-20e0464763d9",
    "user": [
      "admin_artio"
    ],
    "revision": 40,
    "content_changed": true,
    "deleted": false,
    "page": 14
  }
},
{
  "model": "wagtailcore.pagelogentry",
  "pk": 78,
  "fields": {
    "content_type": [
      "standardpages",
      "policypage"
    ],
    "label": "Politique de confidentialité et de traitement des données personnelles de Artio",
    "action": "wagtail.publish",
    "data": {},
    "timestamp": "2025-01-18T14:56:56.199Z",
    "uuid": "02cac2b9-42f1-4867-999c-20e0464763d9",
    "user": [
      "admin_artio"
    ],
    "revision": 40,
    "content_changed": true,
    "deleted": false,
    "page": 14
  }
},
{
  "model": "wagtailcore.pagelogentry",
  "pk": 79,
  "fields": {
    "content_type": [
      "standardpages",
      "mentionpage"
    ],
    "label": "Politique de confidentialité et de traitement des données personnelles de Artio",
    "action": "wagtail.delete",
    "data": {},
    "timestamp": "2025-01-18T14:57:02.537Z",
    "uuid": "5de0f877-bf77-40a0-a2e1-1939623f153a",
    "user": [
      "admin_artio"
    ],
    "revision": null,
    "content_changed": false,
    "deleted": true,
    "page": 13
  }
},
{
  "model": "wagtailcore.pagelogentry",
  "pk": 80,
  "fields": {
    "content_type": [
      "standardpages",
      "policypage"
    ],
    "label": "Politique de confidentialité et de traitement des données personnelles de Artio",
    "action": "wagtail.create",
    "data": {},
    "timestamp": "2025-01-18T15:29:12.963Z",
    "uuid": "860c2d48-539d-4b7d-95d3-7bd2cf6d6e86",
    "user": [
      "admin_artio"
    ],
    "revision": null,
    "content_changed": true,
    "deleted": false,
    "page": 15
  }
},
{
  "model": "wagtailcore.pagelogentry",
  "pk": 81,
  "fields": {
    "content_type": [
      "standardpages",
      "policypage"
    ],
    "label": "Politique de confidentialité et de traitement des données personnelles de Artio",
    "action": "wagtail.edit",
    "data": {},
    "timestamp": "2025-01-18T15:29:12.996Z",
    "uuid": "860c2d48-539d-4b7d-95d3-7bd2cf6d6e86",
    "user": [
      "admin_artio"
    ],
    "revision": 41,
    "content_changed": true,
    "deleted": false,
    "page": 15
  }
},
{
  "model": "wagtailcore.pagelogentry",
  "pk": 82,
  "fields": {
    "content_type": [
      "standardpages",
      "policypage"
    ],
    "label": "Politique de confidentialité et de traitement des données personnelles de Artio",
    "action": "wagtail.publish",
    "data": {},
    "timestamp": "2025-01-18T15:29:13.041Z",
    "uuid": "860c2d48-539d-4b7d-95d3-7bd2cf6d6e86",
    "user": [
      "admin_artio"
    ],
    "revision": 41,
    "content_changed": true,
    "deleted": false,
    "page": 15
  }
},
{
  "model": "wagtailcore.pagelogentry",
  "pk": 83,
  "fields": {
    "content_type": [
      "standardpages",
      "policypage"
    ],
    "label": "Politique de confidentialité et de traitement des données personnelles de Artio",
    "action": "wagtail.delete",
    "data": {},
    "timestamp": "2025-01-18T15:29:19.281Z",
    "uuid": "5d0d21c4-9770-4f4e-b518-827ad3e502b8",
    "user": [
      "admin_artio"
    ],
    "revision": null,
    "content_changed": false,
    "deleted": true,
    "page": 14
  }
},
{
  "model": "wagtailcore.pagelogentry",
  "pk": 84,
  "fields": {
    "content_type": [
      "home",
      "homepage"
    ],
    "label": "Home",
    "action": "wagtail.edit",
    "data": {},
    "timestamp": "2025-01-18T15:30:02.833Z",
    "uuid": "a820d9c9-3e39-49b3-a743-0070e7a9cb12",
    "user": [
      "admin_artio"
    ],
    "revision": 42,
    "content_changed": true,
    "deleted": false,
    "page": 3
  }
},
{
  "model": "wagtailcore.pagelogentry",
  "pk": 85,
  "fields": {
    "content_type": [
      "home",
      "homepage"
    ],
    "label": "Home",
    "action": "wagtail.publish",
    "data": {},
    "timestamp": "2025-01-18T15:30:02.884Z",
    "uuid": "a820d9c9-3e39-49b3-a743-0070e7a9cb12",
    "user": [
      "admin_artio"
    ],
    "revision": 42,
    "content_changed": true,
    "deleted": false,
    "page": 3
  }
},
{
  "model": "wagtailcore.pagelogentry",
  "pk": 86,
  "fields": {
    "content_type": [
      "standardpages",
      "policypage"
    ],
    "label": "Politique de confidentialité et de traitement des données personnelles de Artio",
    "action": "wagtail.edit",
    "data": {},
    "timestamp": "2025-01-18T15:34:11.447Z",
    "uuid": "c5bc0ddc-0415-4600-ae7d-d85c1bf77aeb",
    "user": [
      "admin_artio"
    ],
    "revision": 43,
    "content_changed": true,
    "deleted": false,
    "page": 15
  }
},
{
  "model": "wagtailcore.pagelogentry",
  "pk": 87,
  "fields": {
    "content_type": [
      "standardpages",
      "policypage"
    ],
    "label": "Politique de confidentialité et de traitement des données personnelles de Artio",
    "action": "wagtail.publish",
    "data": {},
    "timestamp": "2025-01-18T15:34:11.506Z",
    "uuid": "c5bc0ddc-0415-4600-ae7d-d85c1bf77aeb",
    "user": [
      "admin_artio"
    ],
    "revision": 43,
    "content_changed": true,
    "deleted": false,
    "page": 15
  }
},
{
  "model": "wagtailcore.pagelogentry",
  "pk": 88,
  "fields": {
    "content_type": [
      "standardpages",
      "policypage"
    ],
    "label": "Politique de confidentialité et de traitement des données personnelles de Artio",
    "action": "wagtail.edit",
    "data": {},
    "timestamp": "2025-01-18T15:38:58.761Z",
    "uuid": "1d61b7bc-cfc2-4e7d-9e3a-335bbd0139e7",
    "user": [
      "admin_artio"
    ],
    "revision": 44,
    "content_changed": true,
    "deleted": false,
    "page": 15
  }
},
{
  "model": "wagtailcore.pagelogentry",
  "pk": 89,
  "fields": {
    "content_type": [
      "standardpages",
      "policypage"
    ],
    "label": "Politique de confidentialité et de traitement des données personnelles de Artio",
    "action": "wagtail.publish",
    "data": {},
    "timestamp": "2025-01-18T15:38:58.841Z",
    "uuid": "1d61b7bc-cfc2-4e7d-9e3a-335bbd0139e7",
    "user": [
      "admin_artio"
    ],
    "revision": 44,
    "content_changed": true,
    "deleted": false,
    "page": 15
  }
},
{
  "model": "wagtailcore.groupapprovaltask",
  "pk": 1,
  "fields": {
    "groups": [
      [
        "Moderators"
      ]
    ]
  }
},
{
  "model": "wagtailcore.revision",
  "pk": 1,
  "fields": {
    "content_type": [
      "home",
      "homepage"
    ],
    "base_content_type": [
      "wagtailcore",
      "page"
    ],
    "object_id": "3",
    "created_at": "2025-01-09T11:54:57.698Z",
    "user": [
      "admin_artio"
    ],
    "object_str": "Home",
    "content": {
      "pk": 3,
      "body": "<p data-block-key=\"zrvr5\">Equipez-vous comme un champion avec notre gamme d&#x27;équipements pour les sports collectifs ! Des designs modernes et des tissus techniques pour vous assurer confort et performance. Nos maillots et tenues sont conçus pour résister aux exigences du jeu tout en vous offrant une liberté de mouvement optimal. Que vous soyez un joueur, un entraîneur ou un responsable d&#x27;équipe, notre équipement répondra à toutes vos attentes en matière de qualité, de durabilité et de performance.</p><p data-block-key=\"4i39h\">Nous utilisons la technique de sublimation comme procédé d&#x27;impression. <b>La sublimation</b> repose sur un <b>phénomène chimique</b> où une<b> encre spéciale</b> passe directement de <b>l&#x27;état solide</b> à <b>l&#x27;état gazeux</b> sous l&#x27;effet de la chaleur. Ce processus permet à l&#x27;encre de pénétrer directement dans les fibres du textile, assurant une impression durable et de haute qualité. Elle n&#x27;ajoute aucune épaisseur sur le vêtement,<b> l&#x27;impression fait partie intégrante du tissu</b>.</p><p data-block-key=\"5jesi\">Faites confiance à notre expertise pour vous accompagner vers la victoire à chaque match !</p>",
      "live": true,
      "path": "00010001",
      "slug": "home",
      "depth": 2,
      "owner": null,
      "title": "Home",
      "locale": 1,
      "locked": false,
      "expired": false,
      "alias_of": null,
      "numchild": 0,
      "url_path": "/home/",
      "expire_at": null,
      "locked_at": null,
      "locked_by": null,
      "seo_title": "",
      "go_live_at": null,
      "contact_cta": "Contactez-nous",
      "draft_title": "Home",
      "content_type": 3,
      "header_video": null,
      "live_revision": null,
      "show_in_menus": false,
      "latest_revision": null,
      "translation_key": "944324da-9cac-4c5c-bfec-a4a47a5fe91c",
      "contact_cta_link": null,
      "last_published_at": null,
      "first_published_at": null,
      "search_description": "",
      "wagtail_admin_comments": [],
      "has_unpublished_changes": false,
      "latest_revision_created_at": null
    },
    "approved_go_live_at": null
  }
},
{
  "model": "wagtailcore.revision",
  "pk": 2,
  "fields": {
    "content_type": [
      "contact",
      "formpage"
    ],
    "base_content_type": [
      "wagtailcore",
      "page"
    ],
    "object_id": "4",
    "created_at": "2025-01-09T11:56:37.297Z",
    "user": [
      "admin_artio"
    ],
    "object_str": "Contact",
    "content": {
      "pk": 4,
      "live": true,
      "path": "000100010001",
      "slug": "contact",
      "depth": 3,
      "intro": "<p data-block-key=\"621me\">Veuillez remplir ce formulaire de contact afin que nous puissions répondre à toutes vos questions...</p>",
      "owner": 1,
      "title": "Contact",
      "locale": 1,
      "locked": false,
      "expired": false,
      "subject": "formulaire de contact",
      "alias_of": null,
      "numchild": 0,
      "url_path": "/home/contact/",
      "expire_at": null,
      "locked_at": null,
      "locked_by": null,
      "seo_title": "",
      "go_live_at": null,
      "to_address": "contact@artio-sports.com",
      "draft_title": "Contact",
      "form_fields": [
        {
          "pk": 1,
          "page": 4,
          "label": "Prénom",
          "choices": "",
          "required": true,
          "help_text": "",
          "clean_name": "prenom",
          "field_type": "singleline",
          "sort_order": 0,
          "default_value": ""
        },
        {
          "pk": 2,
          "page": 4,
          "label": "Nom de famille",
          "choices": "",
          "required": true,
          "help_text": "",
          "clean_name": "nom_de_famille",
          "field_type": "singleline",
          "sort_order": 1,
          "default_value": ""
        },
        {
          "pk": 3,
          "page": 4,
          "label": "Téléphone",
          "choices": "",
          "required": true,
          "help_text": "",
          "clean_name": "telephone",
          "field_type": "singleline",
          "sort_order": 2,
          "default_value": ""
        },
        {
          "pk": 4,
          "page": 4,
          "label": "Email",
          "choices": "",
          "required": true,
          "help_text": "",
          "clean_name": "email",
          "field_type": "singleline",
          "sort_order": 3,
          "default_value": ""
        },
        {
          "pk": 5,
          "page": 4,
          "label": "Société",
          "choices": "",
          "required": true,
          "help_text": "",
          "clean_name": "societe",
          "field_type": "singleline",
          "sort_order": 4,
          "default_value": ""
        },
        {
          "pk": 6,
          "page": 4,
          "label": "Laissez-nous un message !",
          "choices": "",
          "required": true,
          "help_text": "",
          "clean_name": "laissez_nous_un_message",
          "field_type": "multiline",
          "sort_order": 5,
          "default_value": ""
        }
      ],
      "content_type": 49,
      "from_address": "contact@artio-sports.com",
      "live_revision": null,
      "show_in_menus": false,
      "thank_you_text": "<p data-block-key=\"ze9oo\">Formulaire envoyé ! Nous vous contacterons au plus vite !</p>",
      "latest_revision": null,
      "translation_key": "9f770982-7cf1-4dcd-be88-816cbda2b85d",
      "last_published_at": null,
      "first_published_at": null,
      "search_description": "",
      "wagtail_admin_comments": [],
      "has_unpublished_changes": false,
      "latest_revision_created_at": null
    },
    "approved_go_live_at": null
  }
},
{
  "model": "wagtailcore.revision",
  "pk": 3,
  "fields": {
    "content_type": [
      "home",
      "homepage"
    ],
    "base_content_type": [
      "wagtailcore",
      "page"
    ],
    "object_id": "3",
    "created_at": "2025-01-09T13:12:23.540Z",
    "user": [
      "admin_artio"
    ],
    "object_str": "Home",
    "content": {
      "pk": 3,
      "body": "<p data-block-key=\"zrvr5\">Equipez-vous comme un champion avec notre gamme d&#x27;équipements pour les sports collectifs ! Des designs modernes et des tissus techniques pour vous assurer confort et performance. Nos maillots et tenues sont conçus pour résister aux exigences du jeu tout en vous offrant une liberté de mouvement optimal. Que vous soyez un joueur, un entraîneur ou un responsable d&#x27;équipe, notre équipement répondra à toutes vos attentes en matière de qualité, de durabilité et de performance.</p><p data-block-key=\"4i39h\">Nous utilisons la technique de sublimation comme procédé d&#x27;impression. <b>La sublimation</b> repose sur un <b>phénomène chimique</b> où une<b> encre spéciale</b> passe directement de <b>l&#x27;état solide</b> à <b>l&#x27;état gazeux</b> sous l&#x27;effet de la chaleur. Ce processus permet à l&#x27;encre de pénétrer directement dans les fibres du textile, assurant une impression durable et de haute qualité. Elle n&#x27;ajoute aucune épaisseur sur le vêtement,<b> l&#x27;impression fait partie intégrante du tissu</b>.</p><p data-block-key=\"5jesi\">Faites confiance à notre expertise pour vous accompagner vers la victoire à chaque match !</p>",
      "live": true,
      "path": "00010001",
      "slug": "home",
      "depth": 2,
      "owner": null,
      "title": "Home",
      "locale": 1,
      "locked": false,
      "expired": false,
      "alias_of": null,
      "numchild": 1,
      "url_path": "/home/",
      "expire_at": null,
      "locked_at": null,
      "locked_by": null,
      "seo_title": "",
      "go_live_at": null,
      "contact_cta": "Contactez-nous",
      "draft_title": "Home",
      "content_type": 3,
      "header_video": null,
      "live_revision": 1,
      "show_in_menus": false,
      "latest_revision": 1,
      "translation_key": "944324da-9cac-4c5c-bfec-a4a47a5fe91c",
      "contact_cta_link": 4,
      "last_published_at": "2025-01-09T11:54:57.752Z",
      "first_published_at": "2025-01-09T11:54:57.752Z",
      "search_description": "",
      "wagtail_admin_comments": [],
      "has_unpublished_changes": false,
      "latest_revision_created_at": "2025-01-09T11:54:57.698Z"
    },
    "approved_go_live_at": null
  }
},
{
  "model": "wagtailcore.revision",
  "pk": 6,
  "fields": {
    "content_type": [
      "home",
      "homepage"
    ],
    "base_content_type": [
      "wagtailcore",
      "page"
    ],
    "object_id": "3",
    "created_at": "2025-01-15T17:19:54.321Z",
    "user": [
      "admin_artio"
    ],
    "object_str": "Home",
    "content": {
      "pk": 3,
      "body": "<p data-block-key=\"zrvr5\">Equipez-vous comme un champion avec notre gamme d&#x27;équipements pour les sports collectifs ! Des designs modernes et des tissus techniques pour vous assurer confort et performance. Nos maillots et tenues sont conçus pour résister aux exigences du jeu tout en vous offrant une liberté de mouvement optimal. Que vous soyez un joueur, un entraîneur ou un responsable d&#x27;équipe, notre équipement répondra à toutes vos attentes en matière de qualité, de durabilité et de performance.</p><p data-block-key=\"4i39h\">Nous utilisons la technique de sublimation comme procédé d&#x27;impression. <b>La sublimation</b> repose sur un <b>phénomène chimique</b> où une<b> encre spéciale</b> passe directement de <b>l&#x27;état solide</b> à <b>l&#x27;état gazeux</b> sous l&#x27;effet de la chaleur. Ce processus permet à l&#x27;encre de pénétrer directement dans les fibres du textile, assurant une impression durable et de haute qualité. Elle n&#x27;ajoute aucune épaisseur sur le vêtement,<b> l&#x27;impression fait partie intégrante du tissu</b>.</p><p data-block-key=\"5jesi\">Faites confiance à notre expertise pour vous accompagner vers la victoire à chaque match !</p>",
      "live": true,
      "path": "00010001",
      "slug": "home",
      "depth": 2,
      "owner": null,
      "title": "Home",
      "locale": 1,
      "locked": false,
      "expired": false,
      "alias_of": null,
      "numchild": 2,
      "url_path": "/home/",
      "expire_at": null,
      "locked_at": null,
      "locked_by": null,
      "seo_title": "",
      "go_live_at": null,
      "contact_cta": "Contactez-nous",
      "draft_title": "Home",
      "mention_cta": "",
      "content_type": 3,
      "header_video": null,
      "live_revision": 3,
      "show_in_menus": false,
      "latest_revision": 3,
      "translation_key": "944324da-9cac-4c5c-bfec-a4a47a5fe91c",
      "contact_cta_link": 4,
      "mention_cta_link": 6,
      "last_published_at": "2025-01-09T13:12:23.656Z",
      "first_published_at": "2025-01-09T11:54:57.752Z",
      "search_description": "",
      "wagtail_admin_comments": [],
      "has_unpublished_changes": false,
      "latest_revision_created_at": "2025-01-09T13:12:23.540Z"
    },
    "approved_go_live_at": null
  }
},
{
  "model": "wagtailcore.revision",
  "pk": 7,
  "fields": {
    "content_type": [
      "home",
      "mentionpage"
    ],
    "base_content_type": [
      "wagtailcore",
      "page"
    ],
    "object_id": "8",
    "created_at": "2025-01-16T10:44:56.715Z",
    "user": [
      "admin_artio"
    ],
    "object_str": "mentions légales",
    "content": {
      "pk": 8,
      "body": "<p data-block-key=\"xtws4\">fejojhnjkn,ekf,l,</p>",
      "live": true,
      "path": "000100010002",
      "slug": "mentions-légales",
      "depth": 3,
      "owner": 1,
      "title": "mentions légales",
      "locale": 1,
      "locked": false,
      "expired": false,
      "alias_of": null,
      "numchild": 0,
      "url_path": "/home/mentions-légales/",
      "expire_at": null,
      "locked_at": null,
      "locked_by": null,
      "seo_title": "",
      "go_live_at": null,
      "draft_title": "mentions légales",
      "content_type": 51,
      "introduction": "<p data-block-key=\"tc71v\">&quot;jrfnjenf </p>",
      "live_revision": null,
      "show_in_menus": false,
      "latest_revision": null,
      "translation_key": "2aeb912b-68c5-48c7-8777-6c6c0b350eac",
      "last_published_at": null,
      "first_published_at": null,
      "search_description": "",
      "wagtail_admin_comments": [],
      "has_unpublished_changes": false,
      "latest_revision_created_at": null
    },
    "approved_go_live_at": null
  }
},
{
  "model": "wagtailcore.revision",
  "pk": 8,
  "fields": {
    "content_type": [
      "home",
      "homepage"
    ],
    "base_content_type": [
      "wagtailcore",
      "page"
    ],
    "object_id": "3",
    "created_at": "2025-01-16T10:46:03.718Z",
    "user": [
      "admin_artio"
    ],
    "object_str": "Home",
    "content": {
      "pk": 3,
      "body": "<p data-block-key=\"zrvr5\">Equipez-vous comme un champion avec notre gamme d&#x27;équipements pour les sports collectifs ! Des designs modernes et des tissus techniques pour vous assurer confort et performance. Nos maillots et tenues sont conçus pour résister aux exigences du jeu tout en vous offrant une liberté de mouvement optimal. Que vous soyez un joueur, un entraîneur ou un responsable d&#x27;équipe, notre équipement répondra à toutes vos attentes en matière de qualité, de durabilité et de performance.</p><p data-block-key=\"4i39h\">Nous utilisons la technique de sublimation comme procédé d&#x27;impression. <b>La sublimation</b> repose sur un <b>phénomène chimique</b> où une<b> encre spéciale</b> passe directement de <b>l&#x27;état solide</b> à <b>l&#x27;état gazeux</b> sous l&#x27;effet de la chaleur. Ce processus permet à l&#x27;encre de pénétrer directement dans les fibres du textile, assurant une impression durable et de haute qualité. Elle n&#x27;ajoute aucune épaisseur sur le vêtement,<b> l&#x27;impression fait partie intégrante du tissu</b>.</p><p data-block-key=\"5jesi\">Faites confiance à notre expertise pour vous accompagner vers la victoire à chaque match !</p>",
      "live": true,
      "path": "00010001",
      "slug": "home",
      "depth": 2,
      "owner": null,
      "title": "Home",
      "locale": 1,
      "locked": false,
      "expired": false,
      "alias_of": null,
      "numchild": 3,
      "url_path": "/home/",
      "expire_at": null,
      "locked_at": null,
      "locked_by": null,
      "seo_title": "",
      "go_live_at": null,
      "contact_cta": "Contactez-nous",
      "draft_title": "Home",
      "mention_cta": "",
      "content_type": 3,
      "header_video": null,
      "live_revision": 6,
      "show_in_menus": false,
      "latest_revision": 6,
      "translation_key": "944324da-9cac-4c5c-bfec-a4a47a5fe91c",
      "contact_cta_link": 4,
      "mention_cta_link": 8,
      "last_published_at": "2025-01-15T17:19:54.468Z",
      "first_published_at": "2025-01-09T11:54:57.752Z",
      "search_description": "",
      "wagtail_admin_comments": [],
      "has_unpublished_changes": false,
      "latest_revision_created_at": "2025-01-15T17:19:54.321Z"
    },
    "approved_go_live_at": null
  }
},
{
  "model": "wagtailcore.revision",
  "pk": 10,
  "fields": {
    "content_type": [
      "home",
      "homepage"
    ],
    "base_content_type": [
      "wagtailcore",
      "page"
    ],
    "object_id": "3",
    "created_at": "2025-01-16T14:42:35.681Z",
    "user": [
      "admin_artio"
    ],
    "object_str": "Home",
    "content": {
      "pk": 3,
      "body": "<p data-block-key=\"zrvr5\">Equipez-vous comme un champion avec notre gamme d&#x27;équipements pour les sports collectifs ! Des designs modernes et des tissus techniques pour vous assurer confort et performance. Nos maillots et tenues sont conçus pour résister aux exigences du jeu tout en vous offrant une liberté de mouvement optimal. Que vous soyez un joueur, un entraîneur ou un responsable d&#x27;équipe, notre équipement répondra à toutes vos attentes en matière de qualité, de durabilité et de performance.</p><p data-block-key=\"4i39h\">Nous utilisons la technique de sublimation comme procédé d&#x27;impression. <b>La sublimation</b> repose sur un <b>phénomène chimique</b> où une<b> encre spéciale</b> passe directement de <b>l&#x27;état solide</b> à <b>l&#x27;état gazeux</b> sous l&#x27;effet de la chaleur. Ce processus permet à l&#x27;encre de pénétrer directement dans les fibres du textile, assurant une impression durable et de haute qualité. Elle n&#x27;ajoute aucune épaisseur sur le vêtement,<b> l&#x27;impression fait partie intégrante du tissu</b>.</p><p data-block-key=\"5jesi\">Faites confiance à notre expertise pour vous accompagner vers la victoire à chaque match !</p>",
      "live": true,
      "path": "00010001",
      "slug": "home",
      "depth": 2,
      "owner": null,
      "title": "Home",
      "locale": 1,
      "locked": false,
      "expired": false,
      "alias_of": null,
      "numchild": 3,
      "url_path": "/home/",
      "expire_at": null,
      "locked_at": null,
      "locked_by": null,
      "seo_title": "",
      "go_live_at": null,
      "contact_cta": "Contactez-nous",
      "draft_title": "Home",
      "mention_cta": "",
      "content_type": 3,
      "header_video": null,
      "live_revision": 8,
      "show_in_menus": false,
      "latest_revision": 8,
      "translation_key": "944324da-9cac-4c5c-bfec-a4a47a5fe91c",
      "contact_cta_link": 4,
      "mention_cta_link": 9,
      "last_published_at": "2025-01-16T10:46:03.842Z",
      "first_published_at": "2025-01-09T11:54:57.752Z",
      "search_description": "",
      "wagtail_admin_comments": [],
      "has_unpublished_changes": false,
      "latest_revision_created_at": "2025-01-16T10:46:03.718Z"
    },
    "approved_go_live_at": null
  }
},
{
  "model": "wagtailcore.revision",
  "pk": 12,
  "fields": {
    "content_type": [
      "standardpages",
      "mentionpage"
    ],
    "base_content_type": [
      "wagtailcore",
      "page"
    ],
    "object_id": "11",
    "created_at": "2025-01-16T15:09:45.925Z",
    "user": [
      "admin_artio"
    ],
    "object_str": "mentions_legales",
    "content": {
      "pk": 11,
      "body": "",
      "live": false,
      "path": "000100010003",
      "slug": "mentions_legales",
      "depth": 3,
      "intro": "Balblavla",
      "owner": 1,
      "title": "mentions_legales",
      "locale": 1,
      "locked": false,
      "expired": false,
      "alias_of": null,
      "numchild": 0,
      "url_path": "/home/mentions_legales/",
      "expire_at": null,
      "locked_at": null,
      "locked_by": null,
      "seo_title": "",
      "go_live_at": null,
      "draft_title": "mentions_legales",
      "content_type": 52,
      "live_revision": null,
      "show_in_menus": false,
      "latest_revision": null,
      "translation_key": "45d152da-b7bb-467b-a988-634f43e9d743",
      "last_published_at": null,
      "first_published_at": null,
      "search_description": "",
      "wagtail_admin_comments": [],
      "has_unpublished_changes": false,
      "latest_revision_created_at": null
    },
    "approved_go_live_at": null
  }
},
{
  "model": "wagtailcore.revision",
  "pk": 13,
  "fields": {
    "content_type": [
      "standardpages",
      "mentionpage"
    ],
    "base_content_type": [
      "wagtailcore",
      "page"
    ],
    "object_id": "11",
    "created_at": "2025-01-16T15:09:53.722Z",
    "user": [
      "admin_artio"
    ],
    "object_str": "mentions_legales",
    "content": {
      "pk": 11,
      "body": "",
      "live": false,
      "path": "000100010003",
      "slug": "mentions_legales",
      "depth": 3,
      "intro": "Balblavla",
      "owner": 1,
      "title": "mentions_legales",
      "locale": 1,
      "locked": false,
      "expired": false,
      "alias_of": null,
      "numchild": 0,
      "url_path": "/home/mentions_legales/",
      "expire_at": null,
      "locked_at": null,
      "locked_by": null,
      "seo_title": "",
      "go_live_at": null,
      "draft_title": "mentions_legales",
      "content_type": 52,
      "live_revision": null,
      "show_in_menus": false,
      "latest_revision": 12,
      "translation_key": "45d152da-b7bb-467b-a988-634f43e9d743",
      "last_published_at": null,
      "first_published_at": null,
      "search_description": "",
      "wagtail_admin_comments": [],
      "has_unpublished_changes": true,
      "latest_revision_created_at": "2025-01-16T15:09:45.925Z"
    },
    "approved_go_live_at": null
  }
},
{
  "model": "wagtailcore.revision",
  "pk": 14,
  "fields": {
    "content_type": [
      "standardpages",
      "mentionpage"
    ],
    "base_content_type": [
      "wagtailcore",
      "page"
    ],
    "object_id": "11",
    "created_at": "2025-01-16T15:10:53.748Z",
    "user": [
      "admin_artio"
    ],
    "object_str": "mentions_legales",
    "content": {
      "pk": 11,
      "body": "<p data-block-key=\"1ayzl\">jflsdkfjs</p><p data-block-key=\"b9b24\">fgsdfgsdgfgsdg</p><p data-block-key=\"80n8m\">fgsdgsdgsdfg</p><p data-block-key=\"8bi3j\">sgfdsgdsgdg</p><p data-block-key=\"aord9\">sdfgsdgsdg</p><p data-block-key=\"39pjs\">rg</p><p data-block-key=\"c2e12\">rteg</p><p data-block-key=\"94fjs\">re</p><p data-block-key=\"9bi9d\">tg</p><p data-block-key=\"6cd6i\">er</p><p data-block-key=\"aakpc\">gtter</p><p data-block-key=\"5cehd\">g</p><p data-block-key=\"8ahfc\">dhbgfhdf</p><p data-block-key=\"3ek95\">b</p>",
      "live": true,
      "path": "000100010003",
      "slug": "mentions_legales",
      "depth": 3,
      "intro": "Balblavla",
      "owner": 1,
      "title": "mentions_legales",
      "locale": 1,
      "locked": false,
      "expired": false,
      "alias_of": null,
      "numchild": 0,
      "url_path": "/home/mentions_legales/",
      "expire_at": null,
      "locked_at": null,
      "locked_by": null,
      "seo_title": "",
      "go_live_at": null,
      "draft_title": "mentions_legales",
      "content_type": 52,
      "live_revision": 13,
      "show_in_menus": false,
      "latest_revision": 13,
      "translation_key": "45d152da-b7bb-467b-a988-634f43e9d743",
      "last_published_at": "2025-01-16T15:09:53.825Z",
      "first_published_at": "2025-01-16T15:09:53.825Z",
      "search_description": "",
      "wagtail_admin_comments": [],
      "has_unpublished_changes": false,
      "latest_revision_created_at": "2025-01-16T15:09:53.722Z"
    },
    "approved_go_live_at": null
  }
},
{
  "model": "wagtailcore.revision",
  "pk": 15,
  "fields": {
    "content_type": [
      "standardpages",
      "mentionpage"
    ],
    "base_content_type": [
      "wagtailcore",
      "page"
    ],
    "object_id": "11",
    "created_at": "2025-01-16T15:11:07.489Z",
    "user": [
      "admin_artio"
    ],
    "object_str": "mentions_legales",
    "content": {
      "pk": 11,
      "body": "<p data-block-key=\"1ayzl\">jflsdkfjs</p><p data-block-key=\"b9b24\">fgsdfgsdgfgsdg</p><p data-block-key=\"80n8m\">fgsdgsdgsdfg</p><p data-block-key=\"8bi3j\">sgfdsgdsgdg</p><p data-block-key=\"aord9\">sdfgsdgsdg</p><p data-block-key=\"39pjs\">rg</p><p data-block-key=\"c2e12\">rteg</p><p data-block-key=\"94fjs\">re</p><p data-block-key=\"9bi9d\">tg</p><p data-block-key=\"6cd6i\">er</p><p data-block-key=\"aakpc\">gtter</p><p data-block-key=\"5cehd\">g</p><p data-block-key=\"8ahfc\">dhbgfhdf</p><p data-block-key=\"3ek95\">b</p>",
      "live": true,
      "path": "000100010003",
      "slug": "mentions_legales",
      "depth": 3,
      "intro": "Balblavla",
      "owner": 1,
      "title": "mentions_legales",
      "locale": 1,
      "locked": false,
      "expired": false,
      "alias_of": null,
      "numchild": 0,
      "url_path": "/home/mentions_legales/",
      "expire_at": null,
      "locked_at": null,
      "locked_by": null,
      "seo_title": "",
      "go_live_at": null,
      "draft_title": "mentions_legales",
      "content_type": 52,
      "live_revision": 14,
      "show_in_menus": false,
      "latest_revision": 14,
      "translation_key": "45d152da-b7bb-467b-a988-634f43e9d743",
      "last_published_at": "2025-01-16T15:10:53.813Z",
      "first_published_at": "2025-01-16T15:09:53.825Z",
      "search_description": "",
      "wagtail_admin_comments": [],
      "has_unpublished_changes": false,
      "latest_revision_created_at": "2025-01-16T15:10:53.748Z"
    },
    "approved_go_live_at": null
  }
},
{
  "model": "wagtailcore.revision",
  "pk": 16,
  "fields": {
    "content_type": [
      "standardpages",
      "mentionpage"
    ],
    "base_content_type": [
      "wagtailcore",
      "page"
    ],
    "object_id": "11",
    "created_at": "2025-01-16T15:11:33.420Z",
    "user": [
      "admin_artio"
    ],
    "object_str": "mentions_legales",
    "content": {
      "pk": 11,
      "body": "<p data-block-key=\"1ayzl\">jflsdkfjs</p><p data-block-key=\"b9b24\">fgsdfgsdgfgsdg</p><p data-block-key=\"80n8m\">fgsdgsdgsdfg</p><p data-block-key=\"8bi3j\">sgfdsgdsgdg</p><p data-block-key=\"aord9\">sdfgsdgsdg</p><p data-block-key=\"39pjs\">fgsdgsd</p><p data-block-key=\"7cbr1\">rg</p><p data-block-key=\"c2e12\">rteg</p><p data-block-key=\"94fjs\">re</p><p data-block-key=\"9bi9d\">tg</p><p data-block-key=\"6cd6i\">er</p><p data-block-key=\"aakpc\">gtter</p><p data-block-key=\"5cehd\">g</p><p data-block-key=\"8ahfc\">dhbgfhdf</p><p data-block-key=\"3ek95\">b</p>",
      "live": true,
      "path": "000100010003",
      "slug": "mentions_legales",
      "depth": 3,
      "intro": "Balblavla",
      "owner": 1,
      "title": "mentions_legales",
      "locale": 1,
      "locked": false,
      "expired": false,
      "alias_of": null,
      "numchild": 0,
      "url_path": "/home/mentions_legales/",
      "expire_at": null,
      "locked_at": null,
      "locked_by": null,
      "seo_title": "",
      "go_live_at": null,
      "draft_title": "mentions_legales",
      "content_type": 52,
      "live_revision": 14,
      "show_in_menus": false,
      "latest_revision": 15,
      "translation_key": "45d152da-b7bb-467b-a988-634f43e9d743",
      "last_published_at": "2025-01-16T15:10:53.813Z",
      "first_published_at": "2025-01-16T15:09:53.825Z",
      "search_description": "",
      "wagtail_admin_comments": [],
      "has_unpublished_changes": true,
      "latest_revision_created_at": "2025-01-16T15:11:07.489Z"
    },
    "approved_go_live_at": null
  }
},
{
  "model": "wagtailcore.revision",
  "pk": 17,
  "fields": {
    "content_type": [
      "standardpages",
      "mentionpage"
    ],
    "base_content_type": [
      "wagtailcore",
      "page"
    ],
    "object_id": "11",
    "created_at": "2025-01-16T15:15:37.505Z",
    "user": [
      "admin_artio"
    ],
    "object_str": "mentions_legales",
    "content": {
      "pk": 11,
      "body": "<p data-block-key=\"1ayzl\">jflsdkfjs</p><p data-block-key=\"b9b24\">fgsdfgsdgfgsdg</p><p data-block-key=\"80n8m\">fgsdgsdgsdfg</p><p data-block-key=\"8bi3j\">sgfdsgdsgdg</p><p data-block-key=\"aord9\">sdfgsdgsdg</p><p data-block-key=\"39pjs\">fgsdgsd</p><p data-block-key=\"7cbr1\">rg</p><p data-block-key=\"c2e12\">rteg</p><p data-block-key=\"94fjs\">re</p><p data-block-key=\"9bi9d\">tg</p><p data-block-key=\"6cd6i\">er</p><p data-block-key=\"aakpc\">gtter</p><p data-block-key=\"5cehd\">g</p><p data-block-key=\"8ahfc\">dhbgfhdf</p><p data-block-key=\"3ek95\">b</p>",
      "live": true,
      "path": "000100010003",
      "slug": "mentions_legales",
      "depth": 3,
      "intro": "Balblavla",
      "owner": 1,
      "title": "mentions_legales",
      "locale": 1,
      "locked": false,
      "expired": false,
      "alias_of": null,
      "numchild": 0,
      "url_path": "/home/mentions_legales/",
      "expire_at": null,
      "locked_at": null,
      "locked_by": null,
      "seo_title": "mentions_legales",
      "go_live_at": null,
      "draft_title": "mentions_legales",
      "content_type": 52,
      "live_revision": 16,
      "show_in_menus": false,
      "latest_revision": 16,
      "translation_key": "45d152da-b7bb-467b-a988-634f43e9d743",
      "last_published_at": "2025-01-16T15:11:33.498Z",
      "first_published_at": "2025-01-16T15:09:53.825Z",
      "search_description": "",
      "wagtail_admin_comments": [],
      "has_unpublished_changes": false,
      "latest_revision_created_at": "2025-01-16T15:11:33.420Z"
    },
    "approved_go_live_at": null
  }
},
{
  "model": "wagtailcore.revision",
  "pk": 18,
  "fields": {
    "content_type": [
      "standardpages",
      "mentionpage"
    ],
    "base_content_type": [
      "wagtailcore",
      "page"
    ],
    "object_id": "11",
    "created_at": "2025-01-16T15:33:21.874Z",
    "user": [
      "admin_artio"
    ],
    "object_str": "mentions légales",
    "content": {
      "pk": 11,
      "body": "<p data-block-key=\"1ayzl\">jflsdkfjs</p><p data-block-key=\"b9b24\">fgsdfgsdgfgsdg</p><p data-block-key=\"80n8m\">fgsdgsdgsdfg</p><p data-block-key=\"8bi3j\">sgfdsgdsgdg</p><p data-block-key=\"aord9\">sdfgsdgsdg</p><p data-block-key=\"39pjs\">fgsdgsd</p><p data-block-key=\"7cbr1\">rg</p><p data-block-key=\"c2e12\">rteg</p><p data-block-key=\"94fjs\">re</p><p data-block-key=\"9bi9d\">tg</p><p data-block-key=\"6cd6i\">er</p><p data-block-key=\"aakpc\">gtter</p><p data-block-key=\"5cehd\">g</p><p data-block-key=\"8ahfc\">dhbgfhdf</p><p data-block-key=\"3ek95\">b</p>",
      "live": true,
      "path": "000100010003",
      "slug": "mentions_legales",
      "depth": 3,
      "intro": "Balblavla",
      "owner": 1,
      "title": "mentions légales",
      "locale": 1,
      "locked": false,
      "expired": false,
      "alias_of": null,
      "numchild": 0,
      "url_path": "/home/mentions_legales/",
      "expire_at": null,
      "locked_at": null,
      "locked_by": null,
      "seo_title": "mentions_legales",
      "go_live_at": null,
      "draft_title": "mentions_legales",
      "content_type": 52,
      "live_revision": 17,
      "show_in_menus": false,
      "latest_revision": 17,
      "translation_key": "45d152da-b7bb-467b-a988-634f43e9d743",
      "last_published_at": "2025-01-16T15:15:37.613Z",
      "first_published_at": "2025-01-16T15:09:53.825Z",
      "search_description": "",
      "wagtail_admin_comments": [],
      "has_unpublished_changes": false,
      "latest_revision_created_at": "2025-01-16T15:15:37.505Z"
    },
    "approved_go_live_at": null
  }
},
{
  "model": "wagtailcore.revision",
  "pk": 19,
  "fields": {
    "content_type": [
      "standardpages",
      "mentionpage"
    ],
    "base_content_type": [
      "wagtailcore",
      "page"
    ],
    "object_id": "11",
    "created_at": "2025-01-16T15:34:14.588Z",
    "user": [
      "admin_artio"
    ],
    "object_str": "Mentions légales",
    "content": {
      "pk": 11,
      "body": "<p data-block-key=\"1ayzl\">jflsdkfjs</p><p data-block-key=\"b9b24\">fgsdfgsdgfgsdg</p><p data-block-key=\"80n8m\">fgsdgsdgsdfg</p><p data-block-key=\"8bi3j\">sgfdsgdsgdg</p><p data-block-key=\"aord9\">sdfgsdgsdg</p><p data-block-key=\"39pjs\">fgsdgsd</p><p data-block-key=\"7cbr1\">rg</p><p data-block-key=\"c2e12\">rteg</p><p data-block-key=\"94fjs\">re</p><p data-block-key=\"9bi9d\">tg</p><p data-block-key=\"6cd6i\">er</p><p data-block-key=\"aakpc\">gtter</p><p data-block-key=\"5cehd\">g</p><p data-block-key=\"8ahfc\">dhbgfhdf</p><p data-block-key=\"3ek95\">b</p>",
      "live": true,
      "path": "000100010003",
      "slug": "mentions_legales",
      "depth": 3,
      "intro": "Balblavla",
      "owner": 1,
      "title": "Mentions légales",
      "locale": 1,
      "locked": false,
      "expired": false,
      "alias_of": null,
      "numchild": 0,
      "url_path": "/home/mentions_legales/",
      "expire_at": null,
      "locked_at": null,
      "locked_by": null,
      "seo_title": "mentions_legales",
      "go_live_at": null,
      "draft_title": "mentions légales",
      "content_type": 52,
      "live_revision": 18,
      "show_in_menus": false,
      "latest_revision": 18,
      "translation_key": "45d152da-b7bb-467b-a988-634f43e9d743",
      "last_published_at": "2025-01-16T15:33:21.959Z",
      "first_published_at": "2025-01-16T15:09:53.825Z",
      "search_description": "",
      "wagtail_admin_comments": [],
      "has_unpublished_changes": false,
      "latest_revision_created_at": "2025-01-16T15:33:21.874Z"
    },
    "approved_go_live_at": null
  }
},
{
  "model": "wagtailcore.revision",
  "pk": 20,
  "fields": {
    "content_type": [
      "home",
      "homepage"
    ],
    "base_content_type": [
      "wagtailcore",
      "page"
    ],
    "object_id": "3",
    "created_at": "2025-01-16T18:32:33.408Z",
    "user": [
      "admin_artio"
    ],
    "object_str": "Home",
    "content": {
      "pk": 3,
      "body": "<p data-block-key=\"zrvr5\">Equipez-vous comme un champion avec notre gamme d&#x27;équipements pour les sports collectifs ! Des designs modernes et des tissus techniques pour vous assurer confort et performance. Nos maillots et tenues sont conçus pour résister aux exigences du jeu tout en vous offrant une liberté de mouvement optimal. Que vous soyez un joueur, un entraîneur ou un responsable d&#x27;équipe, notre équipement répondra à toutes vos attentes en matière de qualité, de durabilité et de performance.</p><p data-block-key=\"4i39h\">Nous utilisons la technique de sublimation comme procédé d&#x27;impression. <b>La sublimation</b> repose sur un <b>phénomène chimique</b> où une<b> encre spéciale</b> passe directement de <b>l&#x27;état solide</b> à <b>l&#x27;état gazeux</b> sous l&#x27;effet de la chaleur. Ce processus permet à l&#x27;encre de pénétrer directement dans les fibres du textile, assurant une impression durable et de haute qualité. Elle n&#x27;ajoute aucune épaisseur sur le vêtement,<b> l&#x27;impression fait partie intégrante du tissu</b>.</p><p data-block-key=\"5jesi\">Faites confiance à notre expertise pour vous accompagner vers la victoire à chaque match !</p>",
      "live": true,
      "path": "00010001",
      "slug": "home",
      "depth": 2,
      "owner": null,
      "title": "Home",
      "locale": 1,
      "locked": false,
      "expired": false,
      "alias_of": null,
      "numchild": 3,
      "url_path": "/home/",
      "expire_at": null,
      "locked_at": null,
      "locked_by": null,
      "seo_title": "",
      "go_live_at": null,
      "contact_cta": "Contactez-nous",
      "draft_title": "Home",
      "mention_cta": "",
      "content_type": 3,
      "header_video": null,
      "live_revision": 10,
      "show_in_menus": false,
      "latest_revision": 10,
      "translation_key": "944324da-9cac-4c5c-bfec-a4a47a5fe91c",
      "contact_cta_link": 4,
      "mention_cta_link": 11,
      "last_published_at": "2025-01-16T14:42:35.788Z",
      "first_published_at": "2025-01-09T11:54:57.752Z",
      "search_description": "",
      "wagtail_admin_comments": [],
      "has_unpublished_changes": false,
      "latest_revision_created_at": "2025-01-16T14:42:35.681Z"
    },
    "approved_go_live_at": null
  }
},
{
  "model": "wagtailcore.revision",
  "pk": 22,
  "fields": {
    "content_type": [
      "base",
      "footertext"
    ],
    "base_content_type": [
      "base",
      "footertext"
    ],
    "object_id": "1",
    "created_at": "2025-01-17T13:11:48.569Z",
    "user": [
      "admin_artio"
    ],
    "object_str": "Footer text",
    "content": {
      "pk": 1,
      "live": false,
      "text": "<p data-block-key=\"3ab6u\">Mentions Légales<a id=\"11\" linktype=\"page\">Mentions légales</a></p>",
      "locale": 1,
      "expired": false,
      "expire_at": null,
      "go_live_at": null,
      "live_revision": null,
      "latest_revision": null,
      "translation_key": "f75bcce5-8943-4b0b-8db2-d247f543a204",
      "last_published_at": null,
      "first_published_at": null,
      "has_unpublished_changes": false
    },
    "approved_go_live_at": null
  }
},
{
  "model": "wagtailcore.revision",
  "pk": 23,
  "fields": {
    "content_type": [
      "base",
      "footertext"
    ],
    "base_content_type": [
      "base",
      "footertext"
    ],
    "object_id": "2",
    "created_at": "2025-01-17T14:50:37.917Z",
    "user": [
      "admin_artio"
    ],
    "object_str": "Footer text",
    "content": {
      "pk": 2,
      "live": false,
      "text": "<p data-block-key=\"e02mp\">mentions légales<a id=\"11\" linktype=\"page\">Mentions légales</a></p>",
      "locale": 1,
      "expired": false,
      "expire_at": null,
      "go_live_at": null,
      "live_revision": null,
      "latest_revision": null,
      "translation_key": "c41e40a1-0b63-490c-aa25-69f059bd2d4d",
      "last_published_at": null,
      "first_published_at": null,
      "has_unpublished_changes": false
    },
    "approved_go_live_at": null
  }
},
{
  "model": "wagtailcore.revision",
  "pk": 24,
  "fields": {
    "content_type": [
      "base",
      "footertext"
    ],
    "base_content_type": [
      "base",
      "footertext"
    ],
    "object_id": "2",
    "created_at": "2025-01-17T14:56:07.024Z",
    "user": [
      "admin_artio"
    ],
    "object_str": "Footer text",
    "content": {
      "pk": 2,
      "live": true,
      "text": "<h2 data-block-key=\"e02mp\">mentions légales<a id=\"11\" linktype=\"page\">Mentions légales</a></h2>",
      "locale": 1,
      "expired": false,
      "expire_at": null,
      "go_live_at": null,
      "live_revision": 23,
      "latest_revision": 23,
      "translation_key": "c41e40a1-0b63-490c-aa25-69f059bd2d4d",
      "last_published_at": "2025-01-17T14:50:37.953Z",
      "first_published_at": "2025-01-17T14:50:00Z",
      "has_unpublished_changes": false
    },
    "approved_go_live_at": null
  }
},
{
  "model": "wagtailcore.revision",
  "pk": 25,
  "fields": {
    "content_type": [
      "base",
      "footertext"
    ],
    "base_content_type": [
      "base",
      "footertext"
    ],
    "object_id": "2",
    "created_at": "2025-01-17T15:03:48.135Z",
    "user": [
      "admin_artio"
    ],
    "object_str": "Footer text",
    "content": {
      "pk": 2,
      "live": true,
      "text": "<h2 data-block-key=\"e02mp\">mentions légales<a id=\"11\" linktype=\"page\">Mentions légales</a></h2>",
      "locale": 1,
      "expired": false,
      "expire_at": null,
      "go_live_at": null,
      "live_revision": 24,
      "latest_revision": 24,
      "translation_key": "c41e40a1-0b63-490c-aa25-69f059bd2d4d",
      "last_published_at": "2025-01-17T14:56:07.078Z",
      "first_published_at": "2025-01-17T14:50:00Z",
      "has_unpublished_changes": false
    },
    "approved_go_live_at": null
  }
},
{
  "model": "wagtailcore.revision",
  "pk": 26,
  "fields": {
    "content_type": [
      "base",
      "footertext"
    ],
    "base_content_type": [
      "base",
      "footertext"
    ],
    "object_id": "2",
    "created_at": "2025-01-17T15:08:35.161Z",
    "user": [
      "admin_artio"
    ],
    "object_str": "Footer text",
    "content": {
      "pk": 2,
      "live": true,
      "text": "<ul><li data-block-key=\"e02mp\">mentions légales<a id=\"11\" linktype=\"page\">Mentions légales</a></li></ul>",
      "locale": 1,
      "expired": false,
      "expire_at": null,
      "go_live_at": null,
      "live_revision": 25,
      "latest_revision": 25,
      "translation_key": "c41e40a1-0b63-490c-aa25-69f059bd2d4d",
      "last_published_at": "2025-01-17T15:03:48.203Z",
      "first_published_at": "2025-01-17T14:50:00Z",
      "has_unpublished_changes": false
    },
    "approved_go_live_at": null
  }
},
{
  "model": "wagtailcore.revision",
  "pk": 27,
  "fields": {
    "content_type": [
      "base",
      "footertext"
    ],
    "base_content_type": [
      "base",
      "footertext"
    ],
    "object_id": "3",
    "created_at": "2025-01-17T15:48:10.099Z",
    "user": [
      "admin_artio"
    ],
    "object_str": "Footer text",
    "content": {
      "pk": 3,
      "body": "<h4 data-block-key=\"8kjub\">mentions légales<a id=\"11\" linktype=\"page\">Mentions légales</a></h4>",
      "live": false,
      "locale": 1,
      "expired": false,
      "expire_at": null,
      "go_live_at": null,
      "live_revision": null,
      "latest_revision": null,
      "translation_key": "3509e9ac-4e63-4343-8f06-be2029dfd136",
      "last_published_at": null,
      "first_published_at": null,
      "has_unpublished_changes": false
    },
    "approved_go_live_at": null
  }
},
{
  "model": "wagtailcore.revision",
  "pk": 28,
  "fields": {
    "content_type": [
      "base",
      "footertext"
    ],
    "base_content_type": [
      "base",
      "footertext"
    ],
    "object_id": "3",
    "created_at": "2025-01-17T15:50:07.706Z",
    "user": [
      "admin_artio"
    ],
    "object_str": "Footer text",
    "content": {
      "pk": 3,
      "body": "<h4 data-block-key=\"8kjub\"><a id=\"11\" linktype=\"page\">Mentions légales</a>mentions légales<a id=\"11\" linktype=\"page\">Mentions légales</a></h4>",
      "live": true,
      "locale": 1,
      "expired": false,
      "expire_at": null,
      "go_live_at": null,
      "live_revision": 27,
      "latest_revision": 27,
      "translation_key": "3509e9ac-4e63-4343-8f06-be2029dfd136",
      "last_published_at": "2025-01-17T15:48:10.116Z",
      "first_published_at": "2025-01-17T15:48:10.116Z",
      "has_unpublished_changes": false
    },
    "approved_go_live_at": null
  }
},
{
  "model": "wagtailcore.revision",
  "pk": 29,
  "fields": {
    "content_type": [
      "home",
      "homepage"
    ],
    "base_content_type": [
      "wagtailcore",
      "page"
    ],
    "object_id": "3",
    "created_at": "2025-01-17T17:02:26.187Z",
    "user": [
      "admin_artio"
    ],
    "object_str": "Home",
    "content": {
      "pk": 3,
      "body": "<p data-block-key=\"zrvr5\">Equipez-vous comme un champion avec notre gamme d&#x27;équipements pour les sports collectifs ! Des designs modernes et des tissus techniques pour vous assurer confort et performance. Nos maillots et tenues sont conçus pour résister aux exigences du jeu tout en vous offrant une liberté de mouvement optimal. Que vous soyez un joueur, un entraîneur ou un responsable d&#x27;équipe, notre équipement répondra à toutes vos attentes en matière de qualité, de durabilité et de performance.</p><p data-block-key=\"4i39h\">Nous utilisons la technique de sublimation comme procédé d&#x27;impression. <b>La sublimation</b> repose sur un <b>phénomène chimique</b> où une<b> encre spéciale</b> passe directement de <b>l&#x27;état solide</b> à <b>l&#x27;état gazeux</b> sous l&#x27;effet de la chaleur. Ce processus permet à l&#x27;encre de pénétrer directement dans les fibres du textile, assurant une impression durable et de haute qualité. Elle n&#x27;ajoute aucune épaisseur sur le vêtement,<b> l&#x27;impression fait partie intégrante du tissu</b>.</p><p data-block-key=\"5jesi\">Faites confiance à notre expertise pour vous accompagner vers la victoire à chaque match !</p>",
      "live": true,
      "path": "00010001",
      "slug": "home",
      "depth": 2,
      "owner": null,
      "title": "Home",
      "locale": 1,
      "locked": false,
      "expired": false,
      "alias_of": null,
      "numchild": 3,
      "url_path": "/home/",
      "expire_at": null,
      "locked_at": null,
      "locked_by": null,
      "seo_title": "",
      "go_live_at": null,
      "contact_cta": "Formulaire de contact",
      "draft_title": "Home",
      "mention_cta": "",
      "content_type": 3,
      "header_video": null,
      "live_revision": 20,
      "show_in_menus": false,
      "latest_revision": 20,
      "translation_key": "944324da-9cac-4c5c-bfec-a4a47a5fe91c",
      "contact_cta_link": 4,
      "mention_cta_link": 11,
      "last_published_at": "2025-01-16T18:32:33.535Z",
      "first_published_at": "2025-01-09T11:54:57.752Z",
      "search_description": "",
      "wagtail_admin_comments": [],
      "has_unpublished_changes": false,
      "latest_revision_created_at": "2025-01-16T18:32:33.408Z"
    },
    "approved_go_live_at": null
  }
},
{
  "model": "wagtailcore.revision",
  "pk": 30,
  "fields": {
    "content_type": [
      "base",
      "footertext"
    ],
    "base_content_type": [
      "base",
      "footertext"
    ],
    "object_id": "3",
    "created_at": "2025-01-17T17:15:26.465Z",
    "user": [
      "admin_artio"
    ],
    "object_str": "Footer text",
    "content": {
      "pk": 3,
      "body": "<h4 data-block-key=\"8kjub\"><a id=\"11\" linktype=\"page\">Mentions légales</a></h4>",
      "live": true,
      "locale": 1,
      "expired": false,
      "expire_at": null,
      "go_live_at": null,
      "live_revision": 28,
      "latest_revision": 28,
      "translation_key": "3509e9ac-4e63-4343-8f06-be2029dfd136",
      "last_published_at": "2025-01-17T15:50:07.727Z",
      "first_published_at": "2025-01-17T15:48:10.116Z",
      "has_unpublished_changes": false
    },
    "approved_go_live_at": null
  }
},
{
  "model": "wagtailcore.revision",
  "pk": 31,
  "fields": {
    "content_type": [
      "base",
      "footertext"
    ],
    "base_content_type": [
      "base",
      "footertext"
    ],
    "object_id": "3",
    "created_at": "2025-01-17T17:41:48.529Z",
    "user": [
      "admin_artio"
    ],
    "object_str": "Footer text",
    "content": {
      "pk": 3,
      "body": "<h4 data-block-key=\"8kjub\"><a id=\"11\" linktype=\"page\">Mentions légales</a></h4>",
      "live": true,
      "locale": 1,
      "expired": false,
      "expire_at": null,
      "go_live_at": null,
      "live_revision": 30,
      "latest_revision": 30,
      "translation_key": "3509e9ac-4e63-4343-8f06-be2029dfd136",
      "last_published_at": "2025-01-17T17:15:26.563Z",
      "first_published_at": "2025-01-17T15:48:10.116Z",
      "has_unpublished_changes": false
    },
    "approved_go_live_at": null
  }
},
{
  "model": "wagtailcore.revision",
  "pk": 32,
  "fields": {
    "content_type": [
      "standardpages",
      "mentionpage"
    ],
    "base_content_type": [
      "wagtailcore",
      "page"
    ],
    "object_id": "11",
    "created_at": "2025-01-18T13:06:32.195Z",
    "user": [
      "admin_artio"
    ],
    "object_str": "Mentions légales",
    "content": {
      "pk": 11,
      "body": "<h2 data-block-key=\"6ccn8\">Mentions légales en vigueur au 01/01/205</h2><h3 data-block-key=\"878rd\"><b>Conditions d&#x27;utilisation</b></h3><p data-block-key=\"6opdh\">L’utilisation du présent site implique l’acceptation pleine et entière des conditions générales d’utilisation décrites ci-après. Ces conditions d’utilisation sont susceptibles d’être modifiées ou complétées à tout moment.</p><h4 data-block-key=\"1v7n3\"><b>Informations</b></h4><p data-block-key=\"8a83r\">Les informations et documents du site sont présentés à titre indicatif, n’ont pas de caractère exhaustif, et ne peuvent engager la responsabilité du propriétaire du site. Le propriétaire du site ne peut être tenu responsable des dommages directs et indirects consécutifs à l’accès au site.</p><h3 data-block-key=\"9md6u\"><b>Propriété intellectuelle</b></h3><p data-block-key=\"14cmq\">Sauf mention contraire, tous les éléments accessibles sur le site (textes, images, graphismes, logo, icônes, sons, logiciels, etc.) restent la propriété exclusive de leurs auteurs, en ce qui concerne les droits de propriété intellectuelle ou les droits d’usage.</p><p data-block-key=\"2qmg7\">1- Toute reproduction, représentation, modification, publication, adaptation de tout ou partie des éléments du site, quel que soit le moyen ou le procédé utilisé, est interdite, sauf autorisation écrite préalable de l’auteur.</p><p data-block-key=\"46r4e\">2- 3- Toute exploitation non autorisée du site ou de l’un quelconque des éléments qu’il contient est considérée comme constitutive d’une contrefaçon et poursuivie.</p><p data-block-key=\"5moma\">4- Les marques et logos reproduits sur le site sont déposés par les sociétés qui en sont propriétaires.</p><h3 data-block-key=\"ffc89\"><b>Hébergeur</b></h3><p data-block-key=\"3i63p\">Siret : 510 909 807 00032<br/>RCS Clermont Ferrand<br/>SAS au capital de 100 000€</p><p data-block-key=\"apo9h\">Opérateur Télécom déclaré ARCEP<br/>09/2989 – AS50474</p><p data-block-key=\"7t8br\">Marque déposée INPI : 09 3 645 279<br/>L’ensemble des éléments visuels et textuels de ce site fait l’objet d’un dépôt INPI-Soleau.</p><h3 data-block-key=\"89cmu\"><b>Crédits</b></h3><p data-block-key=\"7e84l\">Illustrations et logo réalisés par Gabrielle Azadian</p><p data-block-key=\"avt66\">Les photos et images proviennent du site de partage de photos Freepik et Envato</p>",
      "live": true,
      "path": "000100010003",
      "slug": "mentions_legales",
      "depth": 3,
      "intro": "",
      "owner": 1,
      "title": "Mentions légales",
      "locale": 1,
      "locked": false,
      "expired": false,
      "alias_of": null,
      "numchild": 0,
      "url_path": "/home/mentions_legales/",
      "expire_at": null,
      "locked_at": null,
      "locked_by": null,
      "seo_title": "mentions_legales",
      "go_live_at": null,
      "draft_title": "Mentions légales",
      "content_type": 52,
      "live_revision": 19,
      "show_in_menus": false,
      "latest_revision": 19,
      "translation_key": "45d152da-b7bb-467b-a988-634f43e9d743",
      "last_published_at": "2025-01-16T15:34:14.654Z",
      "first_published_at": "2025-01-16T15:09:53.825Z",
      "search_description": "",
      "wagtail_admin_comments": [],
      "has_unpublished_changes": false,
      "latest_revision_created_at": "2025-01-16T15:34:14.588Z"
    },
    "approved_go_live_at": null
  }
},
{
  "model": "wagtailcore.revision",
  "pk": 33,
  "fields": {
    "content_type": [
      "standardpages",
      "mentionpage"
    ],
    "base_content_type": [
      "wagtailcore",
      "page"
    ],
    "object_id": "11",
    "created_at": "2025-01-18T13:12:45.644Z",
    "user": [
      "admin_artio"
    ],
    "object_str": "Mentions légales",
    "content": {
      "pk": 11,
      "body": "<h2 data-block-key=\"6ccn8\">Mentions légales en vigueur au 01/01/205</h2><h4 data-block-key=\"878rd\"><b>Conditions d&#x27;utilisation</b></h4><p data-block-key=\"6opdh\">L’utilisation du présent site implique l’acceptation pleine et entière des conditions générales d’utilisation décrites ci-après. Ces conditions d’utilisation sont susceptibles d’être modifiées ou complétées à tout moment.</p><h4 data-block-key=\"1v7n3\"><b>Informations</b></h4><p data-block-key=\"8a83r\">Les informations et documents du site sont présentés à titre indicatif, n’ont pas de caractère exhaustif, et ne peuvent engager la responsabilité du propriétaire du site. Le propriétaire du site ne peut être tenu responsable des dommages directs et indirects consécutifs à l’accès au site.</p><p data-block-key=\"9md6u\"><b>Propriété intellectuelle</b></p><p data-block-key=\"14cmq\">Sauf mention contraire, tous les éléments accessibles sur le site (textes, images, graphismes, logo, icônes, sons, logiciels, etc.) restent la propriété exclusive de leurs auteurs, en ce qui concerne les droits de propriété intellectuelle ou les droits d’usage.</p><p data-block-key=\"2qmg7\">1- Toute reproduction, représentation, modification, publication, adaptation de tout ou partie des éléments du site, quel que soit le moyen ou le procédé utilisé, est interdite, sauf autorisation écrite préalable de l’auteur.</p><p data-block-key=\"46r4e\">2- 3- Toute exploitation non autorisée du site ou de l’un quelconque des éléments qu’il contient est considérée comme constitutive d’une contrefaçon et poursuivie.</p><p data-block-key=\"5moma\">4- Les marques et logos reproduits sur le site sont déposés par les sociétés qui en sont propriétaires.</p><h4 data-block-key=\"ffc89\"><b>Hébergeur</b></h4><p data-block-key=\"3i63p\">Siret : 510 909 807 00032<br/>RCS Clermont Ferrand<br/>SAS au capital de 100 000€</p><p data-block-key=\"apo9h\">Opérateur Télécom déclaré ARCEP<br/>09/2989 – AS50474</p><p data-block-key=\"7t8br\">Marque déposée INPI : 09 3 645 279<br/>L’ensemble des éléments visuels et textuels de ce site fait l’objet d’un dépôt INPI-Soleau.</p><h4 data-block-key=\"89cmu\"><b>Crédits</b></h4><p data-block-key=\"7e84l\">Illustrations et logo réalisés par Gabrielle Azadian</p><p data-block-key=\"avt66\">Les photos et images proviennent du site de partage de photos Freepik et Envato</p>",
      "live": true,
      "path": "000100010003",
      "slug": "mentions_legales",
      "depth": 3,
      "intro": "",
      "owner": 1,
      "title": "Mentions légales",
      "locale": 1,
      "locked": false,
      "expired": false,
      "alias_of": null,
      "numchild": 0,
      "url_path": "/home/mentions_legales/",
      "expire_at": null,
      "locked_at": null,
      "locked_by": null,
      "seo_title": "mentions_legales",
      "go_live_at": null,
      "draft_title": "Mentions légales",
      "content_type": 52,
      "live_revision": 32,
      "show_in_menus": false,
      "latest_revision": 32,
      "translation_key": "45d152da-b7bb-467b-a988-634f43e9d743",
      "last_published_at": "2025-01-18T13:06:32.254Z",
      "first_published_at": "2025-01-16T15:09:53.825Z",
      "search_description": "",
      "wagtail_admin_comments": [],
      "has_unpublished_changes": false,
      "latest_revision_created_at": "2025-01-18T13:06:32.195Z"
    },
    "approved_go_live_at": null
  }
},
{
  "model": "wagtailcore.revision",
  "pk": 34,
  "fields": {
    "content_type": [
      "standardpages",
      "mentionpage"
    ],
    "base_content_type": [
      "wagtailcore",
      "page"
    ],
    "object_id": "11",
    "created_at": "2025-01-18T13:15:17.756Z",
    "user": [
      "admin_artio"
    ],
    "object_str": "Mentions légales",
    "content": {
      "pk": 11,
      "body": "<h2 data-block-key=\"6ccn8\">Mentions légales en vigueur au 01/01/205</h2><h4 data-block-key=\"878rd\"><b>Conditions d&#x27;utilisation</b></h4><p data-block-key=\"22qir\">L’utilisation du présent site implique l’acceptation pleine et entière des conditions générales d’utilisation décrites ci-après. Ces conditions d’utilisation sont susceptibles d’être modifiées ou complétées à tout moment.</p><p data-block-key=\"egt51\"></p><p data-block-key=\"1v7n3\"><b>Informations</b></p><p data-block-key=\"8a83r\">Les informations et documents du site sont présentés à titre indicatif, n’ont pas de caractère exhaustif, et ne peuvent engager la responsabilité du propriétaire du site. Le propriétaire du site ne peut être tenu responsable des dommages directs et indirects consécutifs à l’accès au site.</p><p data-block-key=\"8glig\"></p><p data-block-key=\"9md6u\"><b>Propriété intellectuelle</b></p><p data-block-key=\"14cmq\">Sauf mention contraire, tous les éléments accessibles sur le site (textes, images, graphismes, logo, icônes, sons, logiciels, etc.) restent la propriété exclusive de leurs auteurs, en ce qui concerne les droits de propriété intellectuelle ou les droits d’usage.</p><p data-block-key=\"2qmg7\">1- Toute reproduction, représentation, modification, publication, adaptation de tout ou partie des éléments du site, quel que soit le moyen ou le procédé utilisé, est interdite, sauf autorisation écrite préalable de l’auteur.</p><p data-block-key=\"46r4e\">2- 3- Toute exploitation non autorisée du site ou de l’un quelconque des éléments qu’il contient est considérée comme constitutive d’une contrefaçon et poursuivie.</p><p data-block-key=\"5moma\">4- Les marques et logos reproduits sur le site sont déposés par les sociétés qui en sont propriétaires.</p><h4 data-block-key=\"ffc89\"><b>Hébergeur</b></h4><p data-block-key=\"3i63p\">Siret : 510 909 807 00032<br/>RCS Clermont Ferrand<br/>SAS au capital de 100 000€</p><p data-block-key=\"apo9h\">Opérateur Télécom déclaré ARCEP<br/>09/2989 – AS50474</p><p data-block-key=\"7t8br\">Marque déposée INPI : 09 3 645 279<br/>L’ensemble des éléments visuels et textuels de ce site fait l’objet d’un dépôt INPI-Soleau.</p><h4 data-block-key=\"89cmu\"><b>Crédits</b></h4><p data-block-key=\"7e84l\">Illustrations et logo réalisés par Gabrielle Azadian</p><p data-block-key=\"avt66\">Les photos et images proviennent du site de partage de photos Freepik et Envato</p>",
      "live": true,
      "path": "000100010003",
      "slug": "mentions_legales",
      "depth": 3,
      "intro": "",
      "owner": 1,
      "title": "Mentions légales",
      "locale": 1,
      "locked": false,
      "expired": false,
      "alias_of": null,
      "numchild": 0,
      "url_path": "/home/mentions_legales/",
      "expire_at": null,
      "locked_at": null,
      "locked_by": null,
      "seo_title": "mentions_legales",
      "go_live_at": null,
      "draft_title": "Mentions légales",
      "content_type": 52,
      "live_revision": 33,
      "show_in_menus": false,
      "latest_revision": 33,
      "translation_key": "45d152da-b7bb-467b-a988-634f43e9d743",
      "last_published_at": "2025-01-18T13:12:45.689Z",
      "first_published_at": "2025-01-16T15:09:53.825Z",
      "search_description": "",
      "wagtail_admin_comments": [],
      "has_unpublished_changes": false,
      "latest_revision_created_at": "2025-01-18T13:12:45.644Z"
    },
    "approved_go_live_at": null
  }
},
{
  "model": "wagtailcore.revision",
  "pk": 35,
  "fields": {
    "content_type": [
      "standardpages",
      "mentionpage"
    ],
    "base_content_type": [
      "wagtailcore",
      "page"
    ],
    "object_id": "11",
    "created_at": "2025-01-18T14:29:48.878Z",
    "user": [
      "admin_artio"
    ],
    "object_str": "Mentions légales",
    "content": {
      "pk": 11,
      "body": "<h2 data-block-key=\"6ccn8\">Mentions légales en vigueur au 01/01/205</h2><p data-block-key=\"878rd\"><b>Conditions d&#x27;utilisation</b></p><p data-block-key=\"22qir\">L’utilisation du présent site implique l’acceptation pleine et entière des conditions générales d’utilisation décrites ci-après. Ces conditions d’utilisation sont susceptibles d’être modifiées ou complétées à tout moment.</p><p data-block-key=\"egt51\"></p><h4 data-block-key=\"1v7n3\"><b>Informations</b></h4><p data-block-key=\"8a83r\">Les informations et documents du site sont présentés à titre indicatif, n’ont pas de caractère exhaustif, et ne peuvent engager la responsabilité du propriétaire du site. Le propriétaire du site ne peut être tenu responsable des dommages directs et indirects consécutifs à l’accès au site.</p><p data-block-key=\"8glig\"></p><p data-block-key=\"9md6u\"><b>Propriété intellectuelle</b></p><p data-block-key=\"14cmq\">Sauf mention contraire, tous les éléments accessibles sur le site (textes, images, graphismes, logo, icônes, sons, logiciels, etc.) restent la propriété exclusive de leurs auteurs, en ce qui concerne les droits de propriété intellectuelle ou les droits d’usage.</p><p data-block-key=\"2qmg7\">1- Toute reproduction, représentation, modification, publication, adaptation de tout ou partie des éléments du site, quel que soit le moyen ou le procédé utilisé, est interdite, sauf autorisation écrite préalable de l’auteur.</p><p data-block-key=\"46r4e\">2- 3- Toute exploitation non autorisée du site ou de l’un quelconque des éléments qu’il contient est considérée comme constitutive d’une contrefaçon et poursuivie.</p><p data-block-key=\"5moma\">4- Les marques et logos reproduits sur le site sont déposés par les sociétés qui en sont propriétaires.</p><p data-block-key=\"ffc89\"><b>Hébergeur</b></p><p data-block-key=\"3i63p\">Siret : 510 909 807 00032<br/>RCS Clermont Ferrand<br/>SAS au capital de 100 000€</p><p data-block-key=\"apo9h\">Opérateur Télécom déclaré ARCEP<br/>09/2989 – AS50474</p><p data-block-key=\"7t8br\">Marque déposée INPI : 09 3 645 279<br/>L’ensemble des éléments visuels et textuels de ce site fait l’objet d’un dépôt INPI-Soleau.</p><p data-block-key=\"89cmu\"><b>Crédits</b></p><p data-block-key=\"7e84l\">Illustrations et logo réalisés par Gabrielle Azadian</p><p data-block-key=\"avt66\">Les photos et images proviennent du site de partage de photos Freepik et Envato</p>",
      "live": true,
      "path": "000100010003",
      "slug": "mentions_legales",
      "depth": 3,
      "intro": "",
      "owner": 1,
      "title": "Mentions légales",
      "locale": 1,
      "locked": false,
      "expired": false,
      "alias_of": null,
      "numchild": 0,
      "url_path": "/home/mentions_legales/",
      "expire_at": null,
      "locked_at": null,
      "locked_by": null,
      "seo_title": "mentions_legales",
      "go_live_at": null,
      "draft_title": "Mentions légales",
      "content_type": 52,
      "live_revision": 34,
      "show_in_menus": false,
      "latest_revision": 34,
      "translation_key": "45d152da-b7bb-467b-a988-634f43e9d743",
      "last_published_at": "2025-01-18T13:15:17.857Z",
      "first_published_at": "2025-01-16T15:09:53.825Z",
      "search_description": "",
      "wagtail_admin_comments": [],
      "has_unpublished_changes": false,
      "latest_revision_created_at": "2025-01-18T13:15:17.756Z"
    },
    "approved_go_live_at": null
  }
},
{
  "model": "wagtailcore.revision",
  "pk": 36,
  "fields": {
    "content_type": [
      "standardpages",
      "mentionpage"
    ],
    "base_content_type": [
      "wagtailcore",
      "page"
    ],
    "object_id": "11",
    "created_at": "2025-01-18T14:30:18.260Z",
    "user": [
      "admin_artio"
    ],
    "object_str": "Mentions légales",
    "content": {
      "pk": 11,
      "body": "<h2 data-block-key=\"6ccn8\">Mentions légales en vigueur au 01/01/205</h2><p data-block-key=\"878rd\"><b>Conditions d&#x27;utilisation</b></p><p data-block-key=\"22qir\">L’utilisation du présent site implique l’acceptation pleine et entière des conditions générales d’utilisation décrites ci-après. Ces conditions d’utilisation sont susceptibles d’être modifiées ou complétées à tout moment.</p><p data-block-key=\"egt51\"></p><p data-block-key=\"1v7n3\"><b>Informations</b></p><p data-block-key=\"8a83r\">Les informations et documents du site sont présentés à titre indicatif, n’ont pas de caractère exhaustif, et ne peuvent engager la responsabilité du propriétaire du site. Le propriétaire du site ne peut être tenu responsable des dommages directs et indirects consécutifs à l’accès au site.</p><p data-block-key=\"8glig\"></p><p data-block-key=\"9md6u\"><b>Propriété intellectuelle</b></p><p data-block-key=\"14cmq\">Sauf mention contraire, tous les éléments accessibles sur le site (textes, images, graphismes, logo, icônes, sons, logiciels, etc.) restent la propriété exclusive de leurs auteurs, en ce qui concerne les droits de propriété intellectuelle ou les droits d’usage.</p><p data-block-key=\"2qmg7\">1- Toute reproduction, représentation, modification, publication, adaptation de tout ou partie des éléments du site, quel que soit le moyen ou le procédé utilisé, est interdite, sauf autorisation écrite préalable de l’auteur.</p><p data-block-key=\"46r4e\">2- 3- Toute exploitation non autorisée du site ou de l’un quelconque des éléments qu’il contient est considérée comme constitutive d’une contrefaçon et poursuivie.</p><p data-block-key=\"5moma\">4- Les marques et logos reproduits sur le site sont déposés par les sociétés qui en sont propriétaires.</p><p data-block-key=\"ffc89\"><b>Hébergeur</b></p><p data-block-key=\"3i63p\">Siret : 510 909 807 00032<br/>RCS Clermont Ferrand<br/>SAS au capital de 100 000€</p><p data-block-key=\"apo9h\">Opérateur Télécom déclaré ARCEP<br/>09/2989 – AS50474</p><p data-block-key=\"7t8br\">Marque déposée INPI : 09 3 645 279<br/>L’ensemble des éléments visuels et textuels de ce site fait l’objet d’un dépôt INPI-Soleau.</p><p data-block-key=\"89cmu\"><b>Crédits</b></p><p data-block-key=\"7e84l\">Illustrations et logo réalisés par Gabrielle Azadian</p><p data-block-key=\"avt66\">Les photos et images proviennent du site de partage de photos Freepik et Envato</p>",
      "live": true,
      "path": "000100010003",
      "slug": "mentions_legales",
      "depth": 3,
      "intro": "",
      "owner": 1,
      "title": "Mentions légales",
      "locale": 1,
      "locked": false,
      "expired": false,
      "alias_of": null,
      "numchild": 0,
      "url_path": "/home/mentions_legales/",
      "expire_at": null,
      "locked_at": null,
      "locked_by": null,
      "seo_title": "mentions_legales",
      "go_live_at": null,
      "draft_title": "Mentions légales",
      "content_type": 52,
      "live_revision": 35,
      "show_in_menus": false,
      "latest_revision": 35,
      "translation_key": "45d152da-b7bb-467b-a988-634f43e9d743",
      "last_published_at": "2025-01-18T14:29:49.060Z",
      "first_published_at": "2025-01-16T15:09:53.825Z",
      "search_description": "",
      "wagtail_admin_comments": [],
      "has_unpublished_changes": false,
      "latest_revision_created_at": "2025-01-18T14:29:48.878Z"
    },
    "approved_go_live_at": null
  }
},
{
  "model": "wagtailcore.revision",
  "pk": 37,
  "fields": {
    "content_type": [
      "standardpages",
      "mentionpage"
    ],
    "base_content_type": [
      "wagtailcore",
      "page"
    ],
    "object_id": "11",
    "created_at": "2025-01-18T14:32:57.207Z",
    "user": [
      "admin_artio"
    ],
    "object_str": "Mentions légales",
    "content": {
      "pk": 11,
      "body": "<p data-block-key=\"6ccn8\">Mentions légales en vigueur au 01/01/205</p><p data-block-key=\"878rd\"><b>Conditions d&#x27;utilisation</b></p><p data-block-key=\"22qir\">L’utilisation du présent site implique l’acceptation pleine et entière des conditions générales d’utilisation décrites ci-après. Ces conditions d’utilisation sont susceptibles d’être modifiées ou complétées à tout moment.</p><p data-block-key=\"egt51\"></p><p data-block-key=\"1v7n3\"><b>Informations</b></p><p data-block-key=\"8a83r\">Les informations et documents du site sont présentés à titre indicatif, n’ont pas de caractère exhaustif, et ne peuvent engager la responsabilité du propriétaire du site. Le propriétaire du site ne peut être tenu responsable des dommages directs et indirects consécutifs à l’accès au site.</p><p data-block-key=\"8glig\"></p><p data-block-key=\"9md6u\"><b>Propriété intellectuelle</b></p><p data-block-key=\"14cmq\">Sauf mention contraire, tous les éléments accessibles sur le site (textes, images, graphismes, logo, icônes, sons, logiciels, etc.) restent la propriété exclusive de leurs auteurs, en ce qui concerne les droits de propriété intellectuelle ou les droits d’usage.</p><p data-block-key=\"2qmg7\">1- Toute reproduction, représentation, modification, publication, adaptation de tout ou partie des éléments du site, quel que soit le moyen ou le procédé utilisé, est interdite, sauf autorisation écrite préalable de l’auteur.</p><p data-block-key=\"46r4e\">2- 3- Toute exploitation non autorisée du site ou de l’un quelconque des éléments qu’il contient est considérée comme constitutive d’une contrefaçon et poursuivie.</p><p data-block-key=\"5moma\">4- Les marques et logos reproduits sur le site sont déposés par les sociétés qui en sont propriétaires.</p><p data-block-key=\"ffc89\"><b>Hébergeur</b></p><p data-block-key=\"3i63p\">Siret : 510 909 807 00032<br/>RCS Clermont Ferrand<br/>SAS au capital de 100 000€</p><p data-block-key=\"apo9h\">Opérateur Télécom déclaré ARCEP<br/>09/2989 – AS50474</p><p data-block-key=\"7t8br\">Marque déposée INPI : 09 3 645 279<br/>L’ensemble des éléments visuels et textuels de ce site fait l’objet d’un dépôt INPI-Soleau.</p><p data-block-key=\"89cmu\"><b>Crédits</b></p><p data-block-key=\"7e84l\">Illustrations et logo réalisés par Gabrielle Azadian</p><p data-block-key=\"avt66\">Les photos et images proviennent du site de partage de photos Freepik et Envato</p>",
      "live": true,
      "path": "000100010003",
      "slug": "mentions_legales",
      "depth": 3,
      "intro": "",
      "owner": 1,
      "title": "Mentions légales",
      "locale": 1,
      "locked": false,
      "expired": false,
      "alias_of": null,
      "numchild": 0,
      "url_path": "/home/mentions_legales/",
      "expire_at": null,
      "locked_at": null,
      "locked_by": null,
      "seo_title": "mentions_legales",
      "go_live_at": null,
      "draft_title": "Mentions légales",
      "content_type": 52,
      "live_revision": 36,
      "show_in_menus": false,
      "latest_revision": 36,
      "translation_key": "45d152da-b7bb-467b-a988-634f43e9d743",
      "last_published_at": "2025-01-18T14:30:18.320Z",
      "first_published_at": "2025-01-16T15:09:53.825Z",
      "search_description": "",
      "wagtail_admin_comments": [],
      "has_unpublished_changes": false,
      "latest_revision_created_at": "2025-01-18T14:30:18.260Z"
    },
    "approved_go_live_at": null
  }
},
{
  "model": "wagtailcore.revision",
  "pk": 38,
  "fields": {
    "content_type": [
      "standardpages",
      "mentionpage"
    ],
    "base_content_type": [
      "wagtailcore",
      "page"
    ],
    "object_id": "11",
    "created_at": "2025-01-18T14:45:17.822Z",
    "user": [
      "admin_artio"
    ],
    "object_str": "Mentions légales",
    "content": {
      "pk": 11,
      "body": "<p data-block-key=\"6ccn8\">Mentions légales en vigueur au 01/01/205</p><p data-block-key=\"878rd\"><b>Conditions d&#x27;utilisation</b></p><p data-block-key=\"22qir\">L’utilisation du présent site implique l’acceptation pleine et entière des conditions générales d’utilisation décrites ci-après. Ces conditions d’utilisation sont susceptibles d’être modifiées ou complétées à tout moment.</p><p data-block-key=\"egt51\"></p><p data-block-key=\"1v7n3\"><b>Informations</b></p><p data-block-key=\"8a83r\">Les informations et documents du site sont présentés à titre indicatif, n’ont pas de caractère exhaustif, et ne peuvent engager la responsabilité du propriétaire du site. Le propriétaire du site ne peut être tenu responsable des dommages directs et indirects consécutifs à l’accès au site.</p><p data-block-key=\"8glig\"></p><p data-block-key=\"9md6u\"><b>Propriété intellectuelle</b></p><p data-block-key=\"14cmq\">Sauf mention contraire, tous les éléments accessibles sur le site (textes, images, graphismes, logo, icônes, sons, logiciels, etc.) restent la propriété exclusive de leurs auteurs, en ce qui concerne les droits de propriété intellectuelle ou les droits d’usage.</p><p data-block-key=\"2qmg7\">1- Toute reproduction, représentation, modification, publication, adaptation de tout ou partie des éléments du site, quel que soit le moyen ou le procédé utilisé, est interdite, sauf autorisation écrite préalable de l’auteur.</p><p data-block-key=\"46r4e\">2- 3- Toute exploitation non autorisée du site ou de l’un quelconque des éléments qu’il contient est considérée comme constitutive d’une contrefaçon et poursuivie.</p><p data-block-key=\"5moma\">4- Les marques et logos reproduits sur le site sont déposés par les sociétés qui en sont propriétaires.</p><p data-block-key=\"ffc89\"><b>Hébergeur</b></p><p data-block-key=\"3i63p\">Siret : 510 909 807 00032<br/>RCS Clermont Ferrand<br/>SAS au capital de 100 000€</p><p data-block-key=\"apo9h\">Opérateur Télécom déclaré ARCEP<br/>09/2989 – AS50474</p><p data-block-key=\"7t8br\">Marque déposée INPI : 09 3 645 279<br/>L’ensemble des éléments visuels et textuels de ce site fait l’objet d’un dépôt INPI-Soleau.</p><p data-block-key=\"dp8mm\"></p><p data-block-key=\"fmpik\"><b>Conception et développement du site</b></p><p data-block-key=\"dodtb\">Créée par Gabrielle Azadian.  </p><p data-block-key=\"89cmu\"></p><p data-block-key=\"8tvhl\"><b>Crédits</b></p><p data-block-key=\"7e84l\">Illustrations et logo réalisés par Gabrielle Azadian</p><p data-block-key=\"avt66\">Les photos et images proviennent du site de partage de photos Freepik et Envato</p>",
      "live": true,
      "path": "000100010003",
      "slug": "mentions_legales",
      "depth": 3,
      "intro": "",
      "owner": 1,
      "title": "Mentions légales",
      "locale": 1,
      "locked": false,
      "expired": false,
      "alias_of": null,
      "numchild": 0,
      "url_path": "/home/mentions_legales/",
      "expire_at": null,
      "locked_at": null,
      "locked_by": null,
      "seo_title": "mentions_legales",
      "go_live_at": null,
      "draft_title": "Mentions légales",
      "content_type": 52,
      "live_revision": 37,
      "show_in_menus": false,
      "latest_revision": 37,
      "translation_key": "45d152da-b7bb-467b-a988-634f43e9d743",
      "last_published_at": "2025-01-18T14:32:57.349Z",
      "first_published_at": "2025-01-16T15:09:53.825Z",
      "search_description": "",
      "wagtail_admin_comments": [],
      "has_unpublished_changes": false,
      "latest_revision_created_at": "2025-01-18T14:32:57.207Z"
    },
    "approved_go_live_at": null
  }
},
{
  "model": "wagtailcore.revision",
  "pk": 41,
  "fields": {
    "content_type": [
      "standardpages",
      "policypage"
    ],
    "base_content_type": [
      "wagtailcore",
      "page"
    ],
    "object_id": "15",
    "created_at": "2025-01-18T15:29:12.977Z",
    "user": [
      "admin_artio"
    ],
    "object_str": "Politique de confidentialité et de traitement des données personnelles de Artio",
    "content": {
      "pk": 15,
      "body": "<p data-block-key=\"b1nr7\"><b>Politique de confidentialité et de traitement des données personnelles de Artio</b></p><p data-block-key=\"3bebo\">Nous pouvons collecter des données à caractère personnel vous concernant par l’intermédiaire de notre site Internet, de nos magasins ou de notre service commercial.</p><p data-block-key=\"d6lel\">Les données que nous collectons sont, selon les cas :</p><ul><li data-block-key=\"7upg3\">vos prénom et nom</li><li data-block-key=\"av3l\">votre adresse email</li><li data-block-key=\"6ti7m\">votre adresse de facturation et/ou de livraison</li><li data-block-key=\"60mse\">votre numéro de téléphone</li><li data-block-key=\"5do2g\">l’adresse IP de l’ordinateur depuis lequel vous vous connectez au site Internet de Artio.</li></ul><p data-block-key=\"9ugd3\">Nous pouvons collecter vos données personnelles de plusieurs manières :</p><ul><li data-block-key=\"4cpbf\">Dans le cadre de la création, en ligne ou par l’intermédiaire de notre service commercial, de votre compte client;</li><li data-block-key=\"e43b0\">Dans le cadre de la passation de commande;</li><li data-block-key=\"ectig\">Quand vous contactez le service client, notamment pour une réclamation ;</li><li data-block-key=\"1cde8\">Dans le cadre de votre navigation et utilisation de son site Internet, par l’intermédiaire de cookies tel que Google Analytics notamment .</li></ul><p data-block-key=\"3488f\"></p><p data-block-key=\"329a8\">Nous pouvons collecter, stocker et traiter vos données personnelles et les regrouper avec d’autres données personnelles que vous avez pu être amené(e) à nous fournir précédemment par d’autres biais, pour les seules finalités suivantes :</p><ul><li data-block-key=\"csc4l\">communiquer avec les utilisateurs du Site,</li><li data-block-key=\"97k9s\">exécuter la commande d’un client et gérer la relation client,</li><li data-block-key=\"18j48\">effectuer des opérations de prospection commerciale par email et sur les réseaux sociaux.</li><li data-block-key=\"6p2n\">Informer les clients de nos produits et services et personnaliser les produits proposés sur les réseaux sociaux</li><li data-block-key=\"6bkdi\">analyser le trafic de notre site Internet.</li><li data-block-key=\"dqoqd\">Le traitement de vos données personnelles est réalisé :</li><li data-block-key=\"85l28\">soit sur la base de l’exécution d’une commande et la gestion de la relation client (passation de commande, achats, exercice de votre droit de rétractation, traitement de vos réclamations notamment);</li><li data-block-key=\"897hd\">soit sur la base de l’exécution de mesures précontractuelles prises à votre demande (création du compte client) ;</li><li data-block-key=\"oi1u\">soit sur la base de notre intérêt légitime (pour l’analyse du trafic ainsi qu’en matière d’opérations de prospection commerciale).</li></ul><p data-block-key=\"u1dt\">La fourniture de vos données personnelles est nécessaire à la communication, à la conclusion ou/et l’exécution d’éventuels contrats avec vous.</p><p data-block-key=\"56br8\">Les données personnelles devant obligatoirement nous être communiquées à ce titre sont identifiées par un astérisque à côté du type de donnée concernée, lors de la création du compte client, lors de la passation de commande. La non-fourniture des données obligatoires nous empêchera de communiquer avec vous ou de conclure le contrat concerné.</p><p data-block-key=\"bc6ht\">Les destinataires de vos données sont :</p><ul><li data-block-key=\"9rp7s\">le personnel habilité du service marketing, du service commercial, des services chargés de traiter la relation client et la prospection, des services administratifs, des services logistiques et informatiques ainsi que leurs responsables hiérarchiques ;</li><li data-block-key=\"88s59\">le personnel habilité des services chargés du contrôle (commissaire aux comptes, services chargés des procédures internes du contrôle…) ;</li><li data-block-key=\"dedbr\">le personnel habilité des sous-traitants dès lors que le contrat signé entre les sous-traitants et Sessùn fait mention des obligations incombant aux sous-traitants en matière de protection de la sécurité et de la confidentialité des données  et précise notamment les objectifs de sécurité devant être atteints. </li><li data-block-key=\"51rsu\">Les données personnelles collectées sont conservées pendant les durées suivantes :</li><li data-block-key=\"fp82a\">s’agissant des personnes physiques clientes : 10 ans après la fin de la relation contractuelle avec le client concerné ;</li><li data-block-key=\"bqkno\">s’agissant des prospects : 3 ans à compter de leur collecte ou de notre dernier contact avec vous.</li></ul><p data-block-key=\"bf5kr\">Conformément à la règlementation applicable, vous pouvez demander des informations à tout moment sur vos données personnelles détenues par Artio, demander leur rectification, si elles sont inexactes ou incomplètes, leur effacement ou une limitation à leur traitement le cas échéant en vous adressant à <a href=\"mailto:contact@artio-sports.com\">contact@artio</a>.</p><p data-block-key=\"45bn6\"></p>",
      "live": true,
      "path": "000100010006",
      "slug": "politique_confidentialité",
      "depth": 3,
      "intro": "Politique de confidentialité",
      "owner": 1,
      "title": "Politique de confidentialité et de traitement des données personnelles de Artio",
      "locale": 1,
      "locked": false,
      "expired": false,
      "alias_of": null,
      "numchild": 0,
      "url_path": "/home/politique_confidentialité/",
      "expire_at": null,
      "locked_at": null,
      "locked_by": null,
      "seo_title": "",
      "go_live_at": null,
      "draft_title": "Politique de confidentialité et de traitement des données personnelles de Artio",
      "content_type": 58,
      "live_revision": null,
      "show_in_menus": false,
      "latest_revision": null,
      "translation_key": "d40047e2-cb94-4933-b8b4-f08f40a2c2b6",
      "last_published_at": null,
      "first_published_at": null,
      "search_description": "",
      "wagtail_admin_comments": [],
      "has_unpublished_changes": false,
      "latest_revision_created_at": null
    },
    "approved_go_live_at": null
  }
},
{
  "model": "wagtailcore.revision",
  "pk": 42,
  "fields": {
    "content_type": [
      "home",
      "homepage"
    ],
    "base_content_type": [
      "wagtailcore",
      "page"
    ],
    "object_id": "3",
    "created_at": "2025-01-18T15:30:02.796Z",
    "user": [
      "admin_artio"
    ],
    "object_str": "Home",
    "content": {
      "pk": 3,
      "body": "<p data-block-key=\"zrvr5\">Equipez-vous comme un champion avec notre gamme d&#x27;équipements pour les sports collectifs ! Des designs modernes et des tissus techniques pour vous assurer confort et performance. Nos maillots et tenues sont conçus pour résister aux exigences du jeu tout en vous offrant une liberté de mouvement optimal. Que vous soyez un joueur, un entraîneur ou un responsable d&#x27;équipe, notre équipement répondra à toutes vos attentes en matière de qualité, de durabilité et de performance.</p><p data-block-key=\"4i39h\">Nous utilisons la technique de sublimation comme procédé d&#x27;impression. <b>La sublimation</b> repose sur un <b>phénomène chimique</b> où une<b> encre spéciale</b> passe directement de <b>l&#x27;état solide</b> à <b>l&#x27;état gazeux</b> sous l&#x27;effet de la chaleur. Ce processus permet à l&#x27;encre de pénétrer directement dans les fibres du textile, assurant une impression durable et de haute qualité. Elle n&#x27;ajoute aucune épaisseur sur le vêtement,<b> l&#x27;impression fait partie intégrante du tissu</b>.</p><p data-block-key=\"5jesi\">Faites confiance à notre expertise pour vous accompagner vers la victoire à chaque match !</p>",
      "live": true,
      "path": "00010001",
      "slug": "home",
      "depth": 2,
      "owner": null,
      "title": "Home",
      "locale": 1,
      "locked": false,
      "expired": false,
      "alias_of": null,
      "numchild": 4,
      "url_path": "/home/",
      "expire_at": null,
      "locked_at": null,
      "locked_by": null,
      "seo_title": "",
      "go_live_at": null,
      "policy_cta": "",
      "contact_cta": "Formulaire de contact",
      "draft_title": "Home",
      "mention_cta": "",
      "content_type": 3,
      "header_video": null,
      "live_revision": 29,
      "show_in_menus": false,
      "latest_revision": 29,
      "policy_cta_link": 15,
      "translation_key": "944324da-9cac-4c5c-bfec-a4a47a5fe91c",
      "contact_cta_link": 4,
      "mention_cta_link": 11,
      "last_published_at": "2025-01-17T17:02:26.324Z",
      "first_published_at": "2025-01-09T11:54:57.752Z",
      "search_description": "",
      "wagtail_admin_comments": [],
      "has_unpublished_changes": false,
      "latest_revision_created_at": "2025-01-17T17:02:26.187Z"
    },
    "approved_go_live_at": null
  }
},
{
  "model": "wagtailcore.revision",
  "pk": 43,
  "fields": {
    "content_type": [
      "standardpages",
      "policypage"
    ],
    "base_content_type": [
      "wagtailcore",
      "page"
    ],
    "object_id": "15",
    "created_at": "2025-01-18T15:34:11.375Z",
    "user": [
      "admin_artio"
    ],
    "object_str": "Politique de confidentialité et de traitement des données personnelles de Artio",
    "content": {
      "pk": 15,
      "body": "<p data-block-key=\"b1nr7\"><b>Politique de confidentialité et de traitement des données personnelles de Artio</b></p><p data-block-key=\"3bebo\">Nous pouvons collecter des données à caractère personnel vous concernant par l’intermédiaire de notre site Internet, de nos magasins ou de notre service commercial.</p><p data-block-key=\"d6lel\">Les données que nous collectons sont, selon les cas :</p><p data-block-key=\"7upg3\"><i>vos prénom et nom</i></p><p data-block-key=\"av3l\"><i>votre adresse email</i></p><p data-block-key=\"6ti7m\"><i>votre adresse de facturation et/ou de livraison</i></p><p data-block-key=\"60mse\"><i>votre numéro de téléphone</i></p><p data-block-key=\"5do2g\"><i>l’adresse IP de l’ordinateur depuis lequel vous vous connectez au site Internet de Artio.</i></p><p data-block-key=\"9ugd3\">Nous pouvons collecter vos données personnelles de plusieurs manières :</p><p data-block-key=\"4cpbf\"><i>Dans le cadre de la création, en ligne ou par l’intermédiaire de notre service commercial, de votre compte client;</i></p><p data-block-key=\"e43b0\"><i>Dans le cadre de la passation de commande;</i></p><p data-block-key=\"ectig\"><i>Quand vous contactez le service client, notamment pour une réclamation ;</i></p><p data-block-key=\"1cde8\"><i>Dans le cadre de votre navigation et utilisation de son site Internet, par l’intermédiaire de cookies tel que Google Analytics notamment .</i></p><p data-block-key=\"3488f\"></p><p data-block-key=\"329a8\">Nous pouvons collecter, stocker et traiter vos données personnelles et les regrouper avec d’autres données personnelles que vous avez pu être amené(e) à nous fournir précédemment par d’autres biais, pour les seules finalités suivantes :</p><p data-block-key=\"csc4l\"><i>communiquer avec les utilisateurs du Site,</i></p><p data-block-key=\"97k9s\"><i>exécuter la commande d’un client et gérer la relation client,</i></p><p data-block-key=\"18j48\"><i>effectuer des opérations de prospection commerciale par email et sur les réseaux sociaux.</i></p><p data-block-key=\"6p2n\"><i>Informer les clients de nos produits et services et personnaliser les produits proposés sur les réseaux sociaux</i></p><p data-block-key=\"6bkdi\"><i>analyser le trafic de notre site Internet.</i></p><p data-block-key=\"dqoqd\"><i>Le traitement de vos données personnelles est réalisé :</i></p><p data-block-key=\"85l28\"><i>soit sur la base de l’exécution d’une commande et la gestion de la relation client (passation de commande, achats, exercice de votre droit de rétractation, traitement de vos réclamations notamment);</i></p><p data-block-key=\"897hd\"><i>soit sur la base de l’exécution de mesures précontractuelles prises à votre demande (création du compte client) ;</i></p><p data-block-key=\"oi1u\"><i>soit sur la base de notre intérêt légitime (pour l’analyse du trafic ainsi qu’en matière d’opérations de prospection commerciale).</i></p><p data-block-key=\"u1dt\">La fourniture de vos données personnelles est nécessaire à la communication, à la conclusion ou/et l’exécution d’éventuels contrats avec vous.</p><p data-block-key=\"56br8\">Les données personnelles devant obligatoirement nous être communiquées à ce titre sont identifiées par un astérisque à côté du type de donnée concernée, lors de la création du compte client, lors de la passation de commande. La non-fourniture des données obligatoires nous empêchera de communiquer avec vous ou de conclure le contrat concerné.</p><p data-block-key=\"bc6ht\">Les destinataires de vos données sont :</p><p data-block-key=\"9rp7s\"><i>le personnel habilité du service marketing, du service commercial, des services chargés de traiter la relation client et la prospection, des services administratifs, des services logistiques et informatiques ainsi que leurs responsables hiérarchiques ;</i></p><p data-block-key=\"88s59\"><i>le personnel habilité des services chargés du contrôle (commissaire aux comptes, services chargés des procédures internes du contrôle…) ;</i></p><p data-block-key=\"dedbr\"><i>le personnel habilité des sous-traitants dès lors que le contrat signé entre les sous-traitants et Sessùn fait mention des obligations incombant aux sous-traitants en matière de protection de la sécurité et de la confidentialité des données  et précise notamment les objectifs de sécurité devant être atteints. </i></p><p data-block-key=\"51rsu\"><i>Les données personnelles collectées sont conservées pendant les durées suivantes :</i></p><p data-block-key=\"fp82a\"><i>s’agissant des personnes physiques clientes : 10 ans après la fin de la relation contractuelle avec le client concerné ;</i></p><p data-block-key=\"bqkno\"><i>s’agissant des prospects : 3 ans à compter de leur collecte ou de notre dernier contact avec vous.</i></p><p data-block-key=\"bf5kr\">Conformément à la règlementation applicable, vous pouvez demander des informations à tout moment sur vos données personnelles détenues par Artio, demander leur rectification, si elles sont inexactes ou incomplètes, leur effacement ou une limitation à leur traitement le cas échéant en vous adressant à <a href=\"mailto:contact@artio-sports.com\">contact@artio</a>.</p><p data-block-key=\"45bn6\"></p>",
      "live": true,
      "path": "000100010006",
      "slug": "politique_confidentialité",
      "depth": 3,
      "intro": "Politique de confidentialité",
      "owner": 1,
      "title": "Politique de confidentialité et de traitement des données personnelles de Artio",
      "locale": 1,
      "locked": false,
      "expired": false,
      "alias_of": null,
      "numchild": 0,
      "url_path": "/home/politique_confidentialité/",
      "expire_at": null,
      "locked_at": null,
      "locked_by": null,
      "seo_title": "",
      "go_live_at": null,
      "draft_title": "Politique de confidentialité et de traitement des données personnelles de Artio",
      "content_type": 58,
      "live_revision": 41,
      "show_in_menus": false,
      "latest_revision": 41,
      "translation_key": "d40047e2-cb94-4933-b8b4-f08f40a2c2b6",
      "last_published_at": "2025-01-18T15:29:13.009Z",
      "first_published_at": "2025-01-18T15:29:13.009Z",
      "search_description": "",
      "wagtail_admin_comments": [],
      "has_unpublished_changes": false,
      "latest_revision_created_at": "2025-01-18T15:29:12.977Z"
    },
    "approved_go_live_at": null
  }
},
{
  "model": "wagtailcore.revision",
  "pk": 44,
  "fields": {
    "content_type": [
      "standardpages",
      "policypage"
    ],
    "base_content_type": [
      "wagtailcore",
      "page"
    ],
    "object_id": "15",
    "created_at": "2025-01-18T15:38:58.729Z",
    "user": [
      "admin_artio"
    ],
    "object_str": "Politique de confidentialité et de traitement des données personnelles de Artio",
    "content": {
      "pk": 15,
      "body": "<p data-block-key=\"b1nr7\"><b>Politique de confidentialité et de traitement des données personnelles de Artio</b></p><p data-block-key=\"3bebo\">Nous pouvons collecter des données à caractère personnel vous concernant par l’intermédiaire de notre site Internet, de nos magasins ou de notre service commercial.</p><p data-block-key=\"d6lel\">Les données que nous collectons sont, selon les cas :</p><p data-block-key=\"7upg3\"><i>vos prénom et nom</i></p><p data-block-key=\"av3l\"><i>votre adresse email</i></p><p data-block-key=\"6ti7m\"><i>votre adresse de facturation et/ou de livraison</i></p><p data-block-key=\"60mse\"><i>votre numéro de téléphone</i></p><p data-block-key=\"5do2g\"><i>l’adresse IP de l’ordinateur depuis lequel vous vous connectez au site Internet de Artio.</i></p><p data-block-key=\"9ugd3\">Nous pouvons collecter vos données personnelles de plusieurs manières :</p><p data-block-key=\"4cpbf\"><i>Dans le cadre de la création, en ligne ou par l’intermédiaire de notre service commercial, de votre compte client;</i></p><p data-block-key=\"e43b0\"><i>Dans le cadre de la passation de commande;</i></p><p data-block-key=\"ectig\"><i>Quand vous contactez le service client, notamment pour une réclamation ;</i></p><p data-block-key=\"1cde8\"><i>Dans le cadre de votre navigation et utilisation de son site Internet, par l’intermédiaire de cookies tel que Google Analytics notamment .</i></p><p data-block-key=\"3488f\"></p><p data-block-key=\"329a8\">Nous pouvons collecter, stocker et traiter vos données personnelles et les regrouper avec d’autres données personnelles que vous avez pu être amené(e) à nous fournir précédemment par d’autres biais, pour les seules finalités suivantes :</p><p data-block-key=\"csc4l\"><i>communiquer avec les utilisateurs du Site,</i></p><p data-block-key=\"97k9s\"><i>exécuter la commande d’un client et gérer la relation client,</i></p><p data-block-key=\"18j48\"><i>effectuer des opérations de prospection commerciale par email et sur les réseaux sociaux.</i></p><p data-block-key=\"6p2n\"><i>Informer les clients de nos produits et services et personnaliser les produits proposés sur les réseaux sociaux</i></p><p data-block-key=\"6bkdi\"><i>analyser le trafic de notre site Internet.</i></p><p data-block-key=\"dqoqd\"><i>Le traitement de vos données personnelles est réalisé :</i></p><p data-block-key=\"85l28\"><i>soit sur la base de l’exécution d’une commande et la gestion de la relation client (passation de commande, achats, exercice de votre droit de rétractation, traitement de vos réclamations notamment);</i></p><p data-block-key=\"897hd\"><i>soit sur la base de l’exécution de mesures précontractuelles prises à votre demande (création du compte client) ;</i></p><p data-block-key=\"oi1u\"><i>soit sur la base de notre intérêt légitime (pour l’analyse du trafic ainsi qu’en matière d’opérations de prospection commerciale).</i></p><p data-block-key=\"u1dt\">La fourniture de vos données personnelles est nécessaire à la communication, à la conclusion ou/et l’exécution d’éventuels contrats avec vous.</p><p data-block-key=\"56br8\">Les données personnelles devant obligatoirement nous être communiquées à ce titre sont identifiées par un astérisque à côté du type de donnée concernée, lors de la création du compte client, lors de la passation de commande. La non-fourniture des données obligatoires nous empêchera de communiquer avec vous ou de conclure le contrat concerné.</p><p data-block-key=\"bc6ht\">Les destinataires de vos données sont :</p><p data-block-key=\"9rp7s\"><i>le personnel habilité du service marketing, du service commercial, des services chargés de traiter la relation client et la prospection, des services administratifs, des services logistiques et informatiques ainsi que leurs responsables hiérarchiques ;</i></p><p data-block-key=\"88s59\"><i>le personnel habilité des services chargés du contrôle (commissaire aux comptes, services chargés des procédures internes du contrôle…) ;</i></p><p data-block-key=\"dedbr\"><i>le personnel habilité des sous-traitants dès lors que le contrat signé entre les sous-traitants et Sessùn fait mention des obligations incombant aux sous-traitants en matière de protection de la sécurité et de la confidentialité des données  et précise notamment les objectifs de sécurité devant être atteints. </i></p><p data-block-key=\"51rsu\"><i>Les données personnelles collectées sont conservées pendant les durées suivantes :</i></p><p data-block-key=\"fp82a\"><i>s’agissant des personnes physiques clientes : 10 ans après la fin de la relation contractuelle avec le client concerné ;</i></p><p data-block-key=\"bqkno\"><i>s’agissant des prospects : 3 ans à compter de leur collecte ou de notre dernier contact avec vous.</i></p><p data-block-key=\"bf5kr\">Conformément à la règlementation applicable, vous pouvez demander des informations à tout moment sur vos données personnelles détenues par Artio, demander leur rectification, si elles sont inexactes ou incomplètes, leur effacement ou une limitation à leur traitement le cas échéant en vous adressant à <a href=\"mailto:contact@artio-sports.com\">contact@artio</a>.</p><p data-block-key=\"45bn6\"></p>",
      "live": true,
      "path": "000100010006",
      "slug": "politique_confidentialite",
      "depth": 3,
      "intro": "Politique de confidentialité",
      "owner": 1,
      "title": "Politique de confidentialité et de traitement des données personnelles de Artio",
      "locale": 1,
      "locked": false,
      "expired": false,
      "alias_of": null,
      "numchild": 0,
      "url_path": "/home/politique_confidentialité/",
      "expire_at": null,
      "locked_at": null,
      "locked_by": null,
      "seo_title": "",
      "go_live_at": null,
      "draft_title": "Politique de confidentialité et de traitement des données personnelles de Artio",
      "content_type": 58,
      "live_revision": 43,
      "show_in_menus": false,
      "latest_revision": 43,
      "translation_key": "d40047e2-cb94-4933-b8b4-f08f40a2c2b6",
      "last_published_at": "2025-01-18T15:34:11.464Z",
      "first_published_at": "2025-01-18T15:29:13.009Z",
      "search_description": "",
      "wagtail_admin_comments": [],
      "has_unpublished_changes": false,
      "latest_revision_created_at": "2025-01-18T15:34:11.375Z"
    },
    "approved_go_live_at": null
  }
},
{
  "model": "wagtailcore.page",
  "pk": 1,
  "fields": {
    "path": "0001",
    "depth": 1,
    "numchild": 1,
    "translation_key": "e6273945-aa89-45f7-bde9-363ad54d4cf9",
    "locale": 1,
    "latest_revision": null,
    "live": true,
    "has_unpublished_changes": false,
    "first_published_at": null,
    "last_published_at": null,
    "live_revision": null,
    "go_live_at": null,
    "expire_at": null,
    "expired": false,
    "locked": false,
    "locked_at": null,
    "locked_by": null,
    "title": "Root",
    "draft_title": "Root",
    "slug": "root",
    "content_type": [
      "wagtailcore",
      "page"
    ],
    "url_path": "/",
    "owner": null,
    "seo_title": "",
    "show_in_menus": false,
    "search_description": "",
    "latest_revision_created_at": null,
    "alias_of": null
  }
},
{
  "model": "wagtailcore.page",
  "pk": 3,
  "fields": {
    "path": "00010001",
    "depth": 2,
    "numchild": 4,
    "translation_key": "944324da-9cac-4c5c-bfec-a4a47a5fe91c",
    "locale": 1,
    "latest_revision": 42,
    "live": true,
    "has_unpublished_changes": false,
    "first_published_at": "2025-01-09T11:54:57.752Z",
    "last_published_at": "2025-01-18T15:30:02.850Z",
    "live_revision": 42,
    "go_live_at": null,
    "expire_at": null,
    "expired": false,
    "locked": false,
    "locked_at": null,
    "locked_by": null,
    "title": "Home",
    "draft_title": "Home",
    "slug": "home",
    "content_type": [
      "home",
      "homepage"
    ],
    "url_path": "/home/",
    "owner": null,
    "seo_title": "",
    "show_in_menus": false,
    "search_description": "",
    "latest_revision_created_at": "2025-01-18T15:30:02.796Z",
    "alias_of": null
  }
},
{
  "model": "wagtailcore.page",
  "pk": 4,
  "fields": {
    "path": "000100010001",
    "depth": 3,
    "numchild": 0,
    "translation_key": "9f770982-7cf1-4dcd-be88-816cbda2b85d",
    "locale": 1,
    "latest_revision": 2,
    "live": true,
    "has_unpublished_changes": false,
    "first_published_at": "2025-01-09T11:56:37.336Z",
    "last_published_at": "2025-01-09T11:56:37.336Z",
    "live_revision": 2,
    "go_live_at": null,
    "expire_at": null,
    "expired": false,
    "locked": false,
    "locked_at": null,
    "locked_by": null,
    "title": "Contact",
    "draft_title": "Contact",
    "slug": "contact",
    "content_type": [
      "contact",
      "formpage"
    ],
    "url_path": "/home/contact/",
    "owner": [
      "admin_artio"
    ],
    "seo_title": "",
    "show_in_menus": false,
    "search_description": "",
    "latest_revision_created_at": "2025-01-09T11:56:37.297Z",
    "alias_of": null
  }
},
{
  "model": "wagtailcore.page",
  "pk": 11,
  "fields": {
    "path": "000100010003",
    "depth": 3,
    "numchild": 0,
    "translation_key": "45d152da-b7bb-467b-a988-634f43e9d743",
    "locale": 1,
    "latest_revision": 38,
    "live": true,
    "has_unpublished_changes": false,
    "first_published_at": "2025-01-16T15:09:53.825Z",
    "last_published_at": "2025-01-18T14:45:17.899Z",
    "live_revision": 38,
    "go_live_at": null,
    "expire_at": null,
    "expired": false,
    "locked": false,
    "locked_at": null,
    "locked_by": null,
    "title": "Mentions légales",
    "draft_title": "Mentions légales",
    "slug": "mentions_legales",
    "content_type": [
      "standardpages",
      "mentionpage"
    ],
    "url_path": "/home/mentions_legales/",
    "owner": [
      "admin_artio"
    ],
    "seo_title": "mentions_legales",
    "show_in_menus": false,
    "search_description": "",
    "latest_revision_created_at": "2025-01-18T14:45:17.822Z",
    "alias_of": null
  }
},
{
  "model": "wagtailcore.page",
  "pk": 15,
  "fields": {
    "path": "000100010006",
    "depth": 3,
    "numchild": 0,
    "translation_key": "d40047e2-cb94-4933-b8b4-f08f40a2c2b6",
    "locale": 1,
    "latest_revision": 44,
    "live": true,
    "has_unpublished_changes": false,
    "first_published_at": "2025-01-18T15:29:13.009Z",
    "last_published_at": "2025-01-18T15:38:58.778Z",
    "live_revision": 44,
    "go_live_at": null,
    "expire_at": null,
    "expired": false,
    "locked": false,
    "locked_at": null,
    "locked_by": null,
    "title": "Politique de confidentialité et de traitement des données personnelles de Artio",
    "draft_title": "Politique de confidentialité et de traitement des données personnelles de Artio",
    "slug": "politique_confidentialite",
    "content_type": [
      "standardpages",
      "policypage"
    ],
    "url_path": "/home/politique_confidentialite/",
    "owner": [
      "admin_artio"
    ],
    "seo_title": "",
    "show_in_menus": false,
    "search_description": "",
    "latest_revision_created_at": "2025-01-18T15:38:58.729Z",
    "alias_of": null
  }
},
{
  "model": "wagtailcore.modellogentry",
  "pk": 1,
  "fields": {
    "content_type": [
      "base",
      "footertext"
    ],
    "label": "Footer text",
    "action": "wagtail.create",
    "data": {},
    "timestamp": "2025-01-17T13:11:48.574Z",
    "uuid": "f40b849c-9dd9-443c-8d72-de209e084d37",
    "user": [
      "admin_artio"
    ],
    "revision": 22,
    "content_changed": true,
    "deleted": false,
    "object_id": "1"
  }
},
{
  "model": "wagtailcore.modellogentry",
  "pk": 2,
  "fields": {
    "content_type": [
      "base",
      "footertext"
    ],
    "label": "Footer text",
    "action": "wagtail.publish",
    "data": {},
    "timestamp": "2025-01-17T13:11:48.673Z",
    "uuid": "f40b849c-9dd9-443c-8d72-de209e084d37",
    "user": [
      "admin_artio"
    ],
    "revision": 22,
    "content_changed": true,
    "deleted": false,
    "object_id": "1"
  }
},
{
  "model": "wagtailcore.modellogentry",
  "pk": 3,
  "fields": {
    "content_type": [
      "base",
      "footertext"
    ],
    "label": "Footer text",
    "action": "wagtail.create",
    "data": {},
    "timestamp": "2025-01-17T14:50:37.936Z",
    "uuid": "a60ee0de-a30e-4d53-a852-8e0de09c419d",
    "user": [
      "admin_artio"
    ],
    "revision": 23,
    "content_changed": true,
    "deleted": false,
    "object_id": "2"
  }
},
{
  "model": "wagtailcore.modellogentry",
  "pk": 4,
  "fields": {
    "content_type": [
      "base",
      "footertext"
    ],
    "label": "Footer text",
    "action": "wagtail.publish",
    "data": {},
    "timestamp": "2025-01-17T14:50:37.960Z",
    "uuid": "a60ee0de-a30e-4d53-a852-8e0de09c419d",
    "user": [
      "admin_artio"
    ],
    "revision": 23,
    "content_changed": true,
    "deleted": false,
    "object_id": "2"
  }
},
{
  "model": "wagtailcore.modellogentry",
  "pk": 5,
  "fields": {
    "content_type": [
      "base",
      "footertext"
    ],
    "label": "Footer text",
    "action": "wagtail.edit",
    "data": {},
    "timestamp": "2025-01-17T14:56:07.030Z",
    "uuid": "8a9b566d-0eaf-40e9-988e-d3e52a21868e",
    "user": [
      "admin_artio"
    ],
    "revision": 24,
    "content_changed": true,
    "deleted": false,
    "object_id": "2"
  }
},
{
  "model": "wagtailcore.modellogentry",
  "pk": 6,
  "fields": {
    "content_type": [
      "base",
      "footertext"
    ],
    "label": "Footer text",
    "action": "wagtail.publish",
    "data": {},
    "timestamp": "2025-01-17T14:56:07.086Z",
    "uuid": "8a9b566d-0eaf-40e9-988e-d3e52a21868e",
    "user": [
      "admin_artio"
    ],
    "revision": 24,
    "content_changed": true,
    "deleted": false,
    "object_id": "2"
  }
},
{
  "model": "wagtailcore.modellogentry",
  "pk": 7,
  "fields": {
    "content_type": [
      "base",
      "footertext"
    ],
    "label": "Footer text",
    "action": "wagtail.edit",
    "data": {},
    "timestamp": "2025-01-17T15:03:48.147Z",
    "uuid": "0a389629-0430-45e6-9a36-70be032a41ff",
    "user": [
      "admin_artio"
    ],
    "revision": 25,
    "content_changed": false,
    "deleted": false,
    "object_id": "2"
  }
},
{
  "model": "wagtailcore.modellogentry",
  "pk": 8,
  "fields": {
    "content_type": [
      "base",
      "footertext"
    ],
    "label": "Footer text",
    "action": "wagtail.publish",
    "data": {},
    "timestamp": "2025-01-17T15:03:48.213Z",
    "uuid": "0a389629-0430-45e6-9a36-70be032a41ff",
    "user": [
      "admin_artio"
    ],
    "revision": 25,
    "content_changed": true,
    "deleted": false,
    "object_id": "2"
  }
},
{
  "model": "wagtailcore.modellogentry",
  "pk": 9,
  "fields": {
    "content_type": [
      "base",
      "footertext"
    ],
    "label": "Footer text",
    "action": "wagtail.edit",
    "data": {},
    "timestamp": "2025-01-17T15:08:35.174Z",
    "uuid": "c48b5aa0-b5fd-4a79-bb8e-e8133492ba35",
    "user": [
      "admin_artio"
    ],
    "revision": 26,
    "content_changed": true,
    "deleted": false,
    "object_id": "2"
  }
},
{
  "model": "wagtailcore.modellogentry",
  "pk": 10,
  "fields": {
    "content_type": [
      "base",
      "footertext"
    ],
    "label": "Footer text",
    "action": "wagtail.publish",
    "data": {},
    "timestamp": "2025-01-17T15:08:35.258Z",
    "uuid": "c48b5aa0-b5fd-4a79-bb8e-e8133492ba35",
    "user": [
      "admin_artio"
    ],
    "revision": 26,
    "content_changed": true,
    "deleted": false,
    "object_id": "2"
  }
},
{
  "model": "wagtailcore.modellogentry",
  "pk": 11,
  "fields": {
    "content_type": [
      "base",
      "footertext"
    ],
    "label": "Footer text",
    "action": "wagtail.create",
    "data": {},
    "timestamp": "2025-01-17T15:48:10.104Z",
    "uuid": "c3457052-2902-4213-abc0-8e1ee8cc4fa9",
    "user": [
      "admin_artio"
    ],
    "revision": 27,
    "content_changed": true,
    "deleted": false,
    "object_id": "3"
  }
},
{
  "model": "wagtailcore.modellogentry",
  "pk": 12,
  "fields": {
    "content_type": [
      "base",
      "footertext"
    ],
    "label": "Footer text",
    "action": "wagtail.publish",
    "data": {},
    "timestamp": "2025-01-17T15:48:10.123Z",
    "uuid": "c3457052-2902-4213-abc0-8e1ee8cc4fa9",
    "user": [
      "admin_artio"
    ],
    "revision": 27,
    "content_changed": true,
    "deleted": false,
    "object_id": "3"
  }
},
{
  "model": "wagtailcore.modellogentry",
  "pk": 13,
  "fields": {
    "content_type": [
      "base",
      "footertext"
    ],
    "label": "Footer text",
    "action": "wagtail.edit",
    "data": {},
    "timestamp": "2025-01-17T15:50:07.715Z",
    "uuid": "07056b04-446d-46bb-ae3e-af5eb9005798",
    "user": [
      "admin_artio"
    ],
    "revision": 28,
    "content_changed": true,
    "deleted": false,
    "object_id": "3"
  }
},
{
  "model": "wagtailcore.modellogentry",
  "pk": 14,
  "fields": {
    "content_type": [
      "base",
      "footertext"
    ],
    "label": "Footer text",
    "action": "wagtail.publish",
    "data": {},
    "timestamp": "2025-01-17T15:50:07.737Z",
    "uuid": "07056b04-446d-46bb-ae3e-af5eb9005798",
    "user": [
      "admin_artio"
    ],
    "revision": 28,
    "content_changed": true,
    "deleted": false,
    "object_id": "3"
  }
},
{
  "model": "wagtailcore.modellogentry",
  "pk": 15,
  "fields": {
    "content_type": [
      "base",
      "footertext"
    ],
    "label": "Footer text",
    "action": "wagtail.edit",
    "data": {},
    "timestamp": "2025-01-17T17:15:26.472Z",
    "uuid": "668c1d59-c0d9-42d5-86b0-49b0553de7ba",
    "user": [
      "admin_artio"
    ],
    "revision": 30,
    "content_changed": true,
    "deleted": false,
    "object_id": "3"
  }
},
{
  "model": "wagtailcore.modellogentry",
  "pk": 16,
  "fields": {
    "content_type": [
      "base",
      "footertext"
    ],
    "label": "Footer text",
    "action": "wagtail.publish",
    "data": {},
    "timestamp": "2025-01-17T17:15:26.571Z",
    "uuid": "668c1d59-c0d9-42d5-86b0-49b0553de7ba",
    "user": [
      "admin_artio"
    ],
    "revision": 30,
    "content_changed": true,
    "deleted": false,
    "object_id": "3"
  }
},
{
  "model": "wagtailcore.modellogentry",
  "pk": 17,
  "fields": {
    "content_type": [
      "base",
      "footertext"
    ],
    "label": "Footer text",
    "action": "wagtail.edit",
    "data": {},
    "timestamp": "2025-01-17T17:41:48.541Z",
    "uuid": "4b624d31-2f03-4b36-b77e-ac4c67f66b90",
    "user": [
      "admin_artio"
    ],
    "revision": 31,
    "content_changed": false,
    "deleted": false,
    "object_id": "3"
  }
},
{
  "model": "wagtailcore.modellogentry",
  "pk": 18,
  "fields": {
    "content_type": [
      "base",
      "footertext"
    ],
    "label": "Footer text",
    "action": "wagtail.publish",
    "data": {},
    "timestamp": "2025-01-17T17:41:48.563Z",
    "uuid": "4b624d31-2f03-4b36-b77e-ac4c67f66b90",
    "user": [
      "admin_artio"
    ],
    "revision": 31,
    "content_changed": true,
    "deleted": false,
    "object_id": "3"
  }
},
{
  "model": "wagtailadmin.editingsession",
  "pk": 254,
  "fields": {
    "user": [
      "admin_artio"
    ],
    "content_type": [
      "wagtailcore",
      "page"
    ],
    "object_id": "15",
    "last_seen_at": "2025-01-19T10:44:28.802Z",
    "is_editing": false
  }
},
{
  "model": "wagtailadmin.editingsession",
  "pk": 260,
  "fields": {
    "user": [
      "admin_artio"
    ],
    "content_type": [
      "wagtailcore",
      "page"
    ],
    "object_id": "15",
    "last_seen_at": "2025-01-19T13:03:14.771Z",
    "is_editing": false
  }
}
]
